"pealkiri";"lingid"
"Tartu Linnavolikogu 13.10.2016 otsus nr  394 \"Linnavolikogu arengu- ja planeerimiskomisjoni koosseisu muutmine\"";"http://info.raad.tartu.ee/webaktid.nsf/web/viited/VOLO2016101300394"
"Tartu Linnavolikogu 13.10.2016 otsus nr  393 \"Loa andmine avaliku bussiliiniveo riigihanke korraldamiseks\"";"http://info.raad.tartu.ee/webaktid.nsf/web/viited/VOLO2016101300393"
"Tartu Linnavolikogu 13.10.2016 otsus nr  392 \"Loa andmine tugiisikuteenuse riigihanke korraldamiseks\"";"http://info.raad.tartu.ee/webaktid.nsf/web/viited/VOLO2016101300392"
"Tartu Linnavolikogu 13.10.2016 otsus nr  391 \"Loa andmine perekülastusteenuse riigihanke korraldamiseks\"";"http://info.raad.tartu.ee/webaktid.nsf/web/viited/VOLO2016101300391"
"Tartu Linnavolikogu 13.10.2016 otsus nr  390 \"Loa andmine Narva mnt 177 äriruumi üürilepingu sõlmimiseks\"";"http://info.raad.tartu.ee/webaktid.nsf/web/viited/VOLO2016101300390"
"Tartu Linnavolikogu 15.09.2016 otsus nr  389 \"Maa-ala Vaksali tänav T45 munitsipaalomandisse taotlemine\"";"http://info.raad.tartu.ee/webaktid.nsf/web/viited/VOLO2016091500389"
"Tartu Linnavolikogu 15.09.2016 otsus nr  388 \"Maa-alade Timuti tn 56, Aardla tänav T26 ja Vaksali tänav T36 munitsipaalomandisse taotlemine\"";"http://info.raad.tartu.ee/webaktid.nsf/web/viited/VOLO2016091500388"
"Tartu Linnavolikogu 15.09.2016 otsus nr  387 \"Loa andmine Tartu linna haldushoonete koristusteenuse ostmise riigihanke korraldamiseks\"";"http://info.raad.tartu.ee/webaktid.nsf/web/viited/VOLO2016091500387"
"Tartu Linnavolikogu 15.09.2016 otsus nr  386 \"Loa andmine Tartu linnale vara- ja üldise tsiviilvastutuskindlustuse ostmise riigihanke korraldamiseks\"";"http://info.raad.tartu.ee/webaktid.nsf/web/viited/VOLO2016091500386"
"Tartu Linnavolikogu 15.09.2016 otsus nr  385 \"Loa andmine autokütuse ostmise riigihanke korraldamiseks\"";"http://info.raad.tartu.ee/webaktid.nsf/web/viited/VOLO2016091500385"
"Tartu Linnavolikogu 15.09.2016 otsus nr  384 \"Loa andmine L. Koidula ja J. V. Jannseni skulptuuri rajamise ja sellega seotud linnaväljaku tööprojekti koostamise riigihanke korraldamiseks\"";"http://info.raad.tartu.ee/webaktid.nsf/web/viited/VOLO2016091500384"
"Tartu Linnavolikogu 15.09.2016 otsus nr  383 \"Linnavolikogu hariduskomisjoni aseesimehe valimine\"";"http://info.raad.tartu.ee/webaktid.nsf/web/viited/VOLO2016091500383"
"Tartu Linnavolikogu 15.09.2016 otsus nr  382 \"Linnavolikogu hariduskomisjoni koosseisu kinnitamine\"";"http://info.raad.tartu.ee/webaktid.nsf/web/viited/VOLO2016091500382"
"Tartu Linnavolikogu 15.09.2016 otsus nr  381 \"Loa andmine Tartu ühistranspordi liinivõrgu analüüsimise ja optimeerimise riigihanke korraldamiseks\"";"http://info.raad.tartu.ee/webaktid.nsf/web/viited/VOLO2016091500381"
"Tartu Linnavolikogu 15.09.2016 otsus nr  380 \"Loa andmine Kummeli tänava rekonstrueerimise riigihanke korraldamiseks\"";"http://info.raad.tartu.ee/webaktid.nsf/web/viited/VOLO2016091500380"
"Tartu Linnavolikogu 15.09.2016 otsus nr  379 \"Loa andmine vältimatu sotsiaalabi teenuse riigihanke korraldamiseks\"";"http://info.raad.tartu.ee/webaktid.nsf/web/viited/VOLO2016091500379"
"Tartu Linnavolikogu 15.09.2016 otsus nr  378 \"Loa andmine viipekeele tõlketeenuse riigihanke korraldamiseks\"";"http://info.raad.tartu.ee/webaktid.nsf/web/viited/VOLO2016091500378"
"Tartu Linnavolikogu 15.09.2016 otsus nr  377 \"Linnavolikogu hariduskomisjoni esimehe valimine\"";"http://info.raad.tartu.ee/webaktid.nsf/web/viited/VOLO2016091500377"
"Tartu Linnavolikogu 15.09.2016 otsus nr  376 \"Tartumaa maakonnaplaneeringu ja keskkonnamõju strateegilise hindamise aruande kooskõlastamine\"";"http://info.raad.tartu.ee/webaktid.nsf/web/viited/VOLO2016091500376"
"Tartu Linnavolikogu 15.09.2016 otsus nr  375 \"Vabariigi Presidendi valimiskogusse esindajate valimine\"";"http://info.raad.tartu.ee/webaktid.nsf/web/viited/VOLO2016091500375"
"Tartu Linnavolikogu 15.09.2016 otsus nr  374 \"Kalda tee 1c ja Ihaste tee 3 kruntide detailplaneeringu vastuvõtmine ja avalikule väljapanekule suunamine\"";"http://info.raad.tartu.ee/webaktid.nsf/web/viited/VOLO2016091500374"
"Tartu Linnavolikogu 15.09.2016 otsus nr  373 \"Ilmatsalu tn 11 krundi detailplaneeringu kehtestamine\"";"http://info.raad.tartu.ee/webaktid.nsf/web/viited/VOLO2016091500373"
"Tartu Linnavolikogu 30.06.2016 otsus nr  372 \"Linnavolikogu arengu- ja planeerimiskomisjoni koosseisu muutmine\"";"http://info.raad.tartu.ee/webaktid.nsf/web/viited/VOLO2016063000372"
"Tartu Linnavolikogu 30.06.2016 otsus nr  371 \"Tartu Linnavolikogu 14. aprilli 2011. a otsuse nr 184 \"Tartu Täiskasvanute Gümnaasiumi põhimäärus\" ja 14. aprilli 2011. a otsuse nr 188 \"Tartu Herbert Masingu Kooli põhimäärus\" kehtetuks tunnistamine\"";"http://info.raad.tartu.ee/webaktid.nsf/web/viited/VOLO2016063000371"
"Tartu Linnavolikogu 30.06.2016 otsus nr  370 \"Loa andmine Fr. R. Kreutzwaldi tänava rekonstrueerimise riigihanke korraldamiseks\"";"http://info.raad.tartu.ee/webaktid.nsf/web/viited/VOLO2016063000370"
"Tartu Linnavolikogu 30.06.2016 otsus nr  369 \"Loa andmine Lossi tn 2 ja Vabaduse pst 8 tualettide rendi ja hoolduse riigihanke korraldamiseks\"";"http://info.raad.tartu.ee/webaktid.nsf/web/viited/VOLO2016063000369"
"Tartu Linnavolikogu 30.06.2016 otsus nr  368 \"Loa andmine 5. augustil 2010. a sõlmitud Tartu linna bussiliiniveo avaliku teenindamise lepingu pikendamiseks\"";"http://info.raad.tartu.ee/webaktid.nsf/web/viited/VOLO2016063000368"
"Tartu Linnavolikogu 30.06.2016 otsus nr  367 \"Raeremmelga tn 7 maa munitsipaalomandisse taotlemine\"";"http://info.raad.tartu.ee/webaktid.nsf/web/viited/VOLO2016063000367"
"Tartu Linnavolikogu 30.06.2016 otsus nr  366 \"Tartu kesklinna üldplaneeringu kehtestamine\"";"http://info.raad.tartu.ee/webaktid.nsf/web/viited/VOLO2016063000366"
"Tartu Linnavolikogu 30.06.2016 otsus nr  365 \"Aruküla tee 8 krundi detailplaneeringu algatamine ja lähteseisukohtade kinnitamine ning keskkonnamõju strateegilise hindamise algatamata jätmine\"";"http://info.raad.tartu.ee/webaktid.nsf/web/viited/VOLO2016063000365"
"Tartu Linnavolikogu 30.06.2016 otsus nr  364 \"Ilmatsalu tn 11 krundi detailplaneeringu vastuvõtmine ja avalikule väljapanekule suunamine\"";"http://info.raad.tartu.ee/webaktid.nsf/web/viited/VOLO2016063000364"
"Tartu Linnavolikogu 30.06.2016 otsus nr  363 \"Suur kaar 54A krundi detailplaneeringu osaline kehtetuks tunnistamine Tamme pst 36 krundi osas\"";"http://info.raad.tartu.ee/webaktid.nsf/web/viited/VOLO2016063000363"
"Tartu Linnavolikogu 30.06.2016 otsus nr  362 \"Riia tn 18 krundi detailplaneeringu kehtestamine\"";"http://info.raad.tartu.ee/webaktid.nsf/web/viited/VOLO2016063000362"
"Tartu Linnavolikogu 09.06.2016 otsus nr  361 \"Tartu linna 2015. a majandusaasta aruanne ja Tartu linna arengukava 2015. a ülesannete täitmise aruanne\"";"http://info.raad.tartu.ee/webaktid.nsf/web/viited/VOLO2016060900361"
"Tartu Linnavolikogu 09.06.2016 otsus nr  360 \"Tartu linna arengukava muutmisettepanekute ja eelarvestrateegia projekti heakskiitmine ning avalikule väljapanekule suunamine\"";"http://info.raad.tartu.ee/webaktid.nsf/web/viited/VOLO2016060900360"
"Tartu Linnavolikogu 09.06.2016 otsus nr  359 \"Loa andmine OÜga Erinmets äriruumi üürilepingu sõlmimiseks\"";"http://info.raad.tartu.ee/webaktid.nsf/web/viited/VOLO2016060900359"
"Tartu Linnavolikogu 09.06.2016 otsus nr  358 \"Loa andmine Tartu Raatuse Kooli õppehoone rekonstrueerimise projektis osalemiseks\"";"http://info.raad.tartu.ee/webaktid.nsf/web/viited/VOLO2016060900358"
"Tartu Linnavolikogu 09.06.2016 otsus nr  357 \"Loa andmine Tartu Jaan Poska Gümnaasiumile loodusainete labori sisustuse ostmise riigihanke korraldamiseks\"";"http://info.raad.tartu.ee/webaktid.nsf/web/viited/VOLO2016060900357"
"Tartu Linnavolikogu 09.06.2016 otsus nr  356 \"Loa andmine välisabi vahenditega rahastatavas projektis \"Euroopa Kosmoseagentuuri äriinkubaatori tegevuse toetamine aastatel 2017-2021\" osalemiseks\"";"http://info.raad.tartu.ee/webaktid.nsf/web/viited/VOLO2016060900356"
"Tartu Linnavolikogu 09.06.2016 otsus nr  355 \"Linnavalitsuse uue liikme kinnitamine\"";"http://info.raad.tartu.ee/webaktid.nsf/web/viited/VOLO2016060900355"
"Tartu Linnavolikogu 09.06.2016 otsus nr  354 \"Küütri tn 5 krundi detailplaneeringu kehtestamine\"";"http://info.raad.tartu.ee/webaktid.nsf/web/viited/VOLO2016060900354"
"Tartu Linnavolikogu 09.06.2016 otsus nr  353 \"J. Kuperjanovi tn 8 krundi detailplaneeringu kehtestamine\"";"http://info.raad.tartu.ee/webaktid.nsf/web/viited/VOLO2016060900353"
"Tartu Linnavolikogu 12.05.2016 otsus nr  352 \"Linnavolikogu rahanduskomisjoni koosseisu täiendamine\"";"http://info.raad.tartu.ee/webaktid.nsf/web/viited/VOLO2016051200352"
"Tartu Linnavolikogu 12.05.2016 otsus nr  351 \"Tartu linna valimiskomisjoni moodustamine\"";"http://info.raad.tartu.ee/webaktid.nsf/web/viited/VOLO2016051200351"
"Tartu Linnavolikogu 12.05.2016 otsus nr  350 \"Ravila Tööstuspargis asuvate kinnistute otsustuskorras võõrandamine ja hoonestusõiguse seadmine\"";"http://info.raad.tartu.ee/webaktid.nsf/web/viited/VOLO2016051200350"
"Tartu Linnavolikogu 12.05.2016 otsus nr  349 \"Ravila Tööstuspargis asuvate kinnistute otsustuskorras võõrandamine\"";"http://info.raad.tartu.ee/webaktid.nsf/web/viited/VOLO2016051200349"
"Tartu Linnavolikogu 12.05.2016 otsus nr  348 \"Tartu linnale kuuluvate Aardla tn 31/1 ja Aardla tn 31/10 ehitiste teenindamiseks vajaliku maa munitsipaalomandisse taotlemine\"";"http://info.raad.tartu.ee/webaktid.nsf/web/viited/VOLO2016051200348"
"Tartu Linnavolikogu 12.05.2016 otsus nr  347 \"Maa-alade Ujula tänav T91, Laseri tänav T3, Laseri tänav T29, Laseri tänav T33 ja Laseri tänav T35 munitsipaalomandisse taotlemine\"";"http://info.raad.tartu.ee/webaktid.nsf/web/viited/VOLO2016051200347"
"Tartu Linnavolikogu 12.05.2016 otsus nr  346 \"Maa-alade F. R. Kreutzwaldi tn 29, Ujula tn 91, Lammi tn 15a, Laseri tn 3, Laseri tn 7, Laseri tn 31 ja Sälu tn 6 munitsipaalomandisse taotlemine\"";"http://info.raad.tartu.ee/webaktid.nsf/web/viited/VOLO2016051200346"
"Tartu Linnavolikogu 12.05.2016 otsus nr  345 \"Tartu linna ühisveevärgi ja -kanalisatsiooni arendamise kava aastateks 2016-2030 projekti heaks kiitmine ja avalikule väljapanekule suunamine\"";"http://info.raad.tartu.ee/webaktid.nsf/web/viited/VOLO2016051200345"
"Tartu Linnavolikogu 12.05.2016 otsus nr  344 \"Tartu linna astumine rahvusvahelise ühistranspordi ühenduse UITP liikmeks\"";"http://info.raad.tartu.ee/webaktid.nsf/web/viited/VOLO2016051200344"
"Tartu Linnavolikogu 12.05.2016 otsus nr  343 \"Võru tn 120 krundi detailplaneeringu algatamine\"";"http://info.raad.tartu.ee/webaktid.nsf/web/viited/VOLO2016051200343"
"Tartu Linnavolikogu 12.05.2016 otsus nr  342 \"Kvissentali tee 34 krundi detailplaneeringu vastuvõtmine ja avalikule väljapanekule suunamine\"";"http://info.raad.tartu.ee/webaktid.nsf/web/viited/VOLO2016051200342"
"Tartu Linnavolikogu 12.05.2016 otsus nr  341 \"Riia tn 18 krundi detailplaneeringu vastuvõtmine ja avalikule väljapanekule suunamine\"";"http://info.raad.tartu.ee/webaktid.nsf/web/viited/VOLO2016051200341"
"Tartu Linnavolikogu 12.05.2016 otsus nr  340 \"Vanemuise tn 21 krundi detailplaneeringu kehtestamine\"";"http://info.raad.tartu.ee/webaktid.nsf/web/viited/VOLO2016051200340"
"Tartu Linnavolikogu 12.05.2016 otsus nr  339 \"Kroonuaia tn 38 // 40 krundi detailplaneeringu kehtestamine\"";"http://info.raad.tartu.ee/webaktid.nsf/web/viited/VOLO2016051200339"
"Tartu Linnavolikogu 14.04.2016 otsus nr  338 \"Tartu linna omandis olevatele kinnisasjadele tervisekeskuste ehitamiseks hoonestusõiguse seadmine\"";"http://info.raad.tartu.ee/webaktid.nsf/web/viited/VOLO2016041400338"
"Tartu Linnavolikogu 14.04.2016 otsus nr  337 \"Loa andmine Roosi tn 83 ja Roosi tn 84 kinnistute hoonestusõigusega koormamiseks\"";"http://info.raad.tartu.ee/webaktid.nsf/web/viited/VOLO2016041400337"
"Tartu Linnavolikogu 14.04.2016 otsus nr  336 \"Loa andmine Roosi tänava II etapi rekonstrueerimise ja omanikujärelevalve riigihangete korraldamiseks\"";"http://info.raad.tartu.ee/webaktid.nsf/web/viited/VOLO2016041400336"
"Tartu Linnavolikogu 14.04.2016 otsus nr  335 \"Loa andmine Tartu linna tänavate teekatte märgistustööde riigihanke korraldamiseks\"";"http://info.raad.tartu.ee/webaktid.nsf/web/viited/VOLO2016041400335"
"Tartu Linnavolikogu 14.04.2016 otsus nr  334 \"Loa andmine Tartu linna foorisüsteemide hooldustööde riigihanke korraldamiseks\"";"http://info.raad.tartu.ee/webaktid.nsf/web/viited/VOLO2016041400334"
"Tartu Linnavolikogu 14.04.2016 otsus nr  333 \"Loa andmine Tartu Tamme Koolile koristusteenuse ostmise riigihanke korraldamiseks\"";"http://info.raad.tartu.ee/webaktid.nsf/web/viited/VOLO2016041400333"
"Tartu Linnavolikogu 14.04.2016 otsus nr  332 \"Loa andmine linnale kuuluvate kinnistute otsustuskorras võõrandamiseks ja linnavara omandamiseks\"";"http://info.raad.tartu.ee/webaktid.nsf/web/viited/VOLO2016041400332"
"Tartu Linnavolikogu 14.04.2016 otsus nr  331 \"Tartu linna arengukava 2018-2025 koostamise algatamine ja keskkonnamõju strateegilise hindamise algatamata jätmine\"";"http://info.raad.tartu.ee/webaktid.nsf/web/viited/VOLO2016041400331"
"Tartu Linnavolikogu 14.04.2016 otsus nr  330 \"Tartu linna üldplaneeringu eskiislahenduse heakskiitmine ja eskiislahenduse ning keskkonnamõju strateegilise hindamise programmi avalikule väljapanekule suunamine ja arutelude korraldamine\"";"http://info.raad.tartu.ee/webaktid.nsf/web/viited/VOLO2016041400330"
"Tartu Linnavolikogu 14.04.2016 otsus nr  329 \"Küütri tn 5 krundi detailplaneeringu vastuvõtmine ja avalikule väljapanekule suunamine\"";"http://info.raad.tartu.ee/webaktid.nsf/web/viited/VOLO2016041400329"
"Tartu Linnavolikogu 14.04.2016 otsus nr  328 \"Mõisavahe tn 34b krundi detailplaneeringu algatamine\"";"http://info.raad.tartu.ee/webaktid.nsf/web/viited/VOLO2016041400328"
"Tartu Linnavolikogu 14.04.2016 otsus nr  327 \"Fortuuna tn, Põik tn, Raatuse tn ja Narva mnt vahelise kvartali detailplaneeringu algatamine\"";"http://info.raad.tartu.ee/webaktid.nsf/web/viited/VOLO2016041400327"
"Tartu Linnavolikogu 14.04.2016 otsus nr  326 \"J. Kuperjanovi tn 8 krundi detailplaneeringu vastuvõtmine ja avalikule väljapanekule suunamine\"";"http://info.raad.tartu.ee/webaktid.nsf/web/viited/VOLO2016041400326"
"Tartu Linnavolikogu 14.04.2016 otsus nr  325 \"Rebase tn 23a krundi ning lähiala detailplaneeringu kehtestamine\"";"http://info.raad.tartu.ee/webaktid.nsf/web/viited/VOLO2016041400325"
"Tartu Linnavolikogu 14.04.2016 otsus nr  324 \"Päeva 1, Tähe 8, Tähe 10 ja Pargi 15 kruntide detailplaneeringu kehtestamine\"";"http://info.raad.tartu.ee/webaktid.nsf/web/viited/VOLO2016041400324"
"Tartu Linnavolikogu 14.04.2016 otsus nr  323 \"Riia tn 1 krundi detailplaneeringu kehtestamine\"";"http://info.raad.tartu.ee/webaktid.nsf/web/viited/VOLO2016041400323"
"Tartu Linnavolikogu 14.04.2016 otsus nr  322 \"Kastani tn 43 krundi detailplaneeringu kehtestamine\"";"http://info.raad.tartu.ee/webaktid.nsf/web/viited/VOLO2016041400322"
"Tartu Linnavolikogu 17.03.2016 otsus nr  321 \"Loa andmine Tartu linna liikluskorraldusvahendite hooldustööde riigihanke korraldamiseks\"";"http://info.raad.tartu.ee/webaktid.nsf/web/viited/VOLO2016031700321"
"Tartu Linnavolikogu 17.03.2016 otsus nr  320 \"Detailplaneeringute koostamise lõpetamine ja Tartu Linnavolikogu otsuste kehtetuks tunnistamine\"";"http://info.raad.tartu.ee/webaktid.nsf/web/viited/VOLO2016031700320"
"Tartu Linnavolikogu 17.03.2016 otsus nr  319 \"Vanemuise tn 21 krundi detailplaneeringu vastuvõtmine ja avalikule väljapanekule suunamine\"";"http://info.raad.tartu.ee/webaktid.nsf/web/viited/VOLO2016031700319"
"Tartu Linnavolikogu 17.03.2016 otsus nr  318 \"Kroonuaia tn 38 // 40 krundi detailplaneeringu vastuvõtmine ja avalikule väljapanekule suunamine\"";"http://info.raad.tartu.ee/webaktid.nsf/web/viited/VOLO2016031700318"
"Tartu Linnavolikogu 17.03.2016 otsus nr  317 \"Linnavolikogu rahanduskomisjoni koosseisu muutmine\"";"http://info.raad.tartu.ee/webaktid.nsf/web/viited/VOLO2016031700317"
"Tartu Linnavolikogu 17.03.2016 otsus nr  316 \"Linnavolikogu hariduskomisjoni koosseisu muutmine\"";"http://info.raad.tartu.ee/webaktid.nsf/web/viited/VOLO2016031700316"
"Tartu Linnavolikogu 18.02.2016 otsus nr  315 \"Linnavolikogu linnamajanduskomisjoni koosseisu muutmine\"";"http://info.raad.tartu.ee/webaktid.nsf/web/viited/VOLO2016021800315"
"Tartu Linnavolikogu 18.02.2016 otsus nr  314 \"Ülejõe linnaosas tänavale nime määramine\"";"http://info.raad.tartu.ee/webaktid.nsf/web/viited/VOLO2016021800314"
"Tartu Linnavolikogu 18.02.2016 otsus nr  313 \"Tähtvere linnaosas tänavatele nimede määramine\"";"http://info.raad.tartu.ee/webaktid.nsf/web/viited/VOLO2016021800313"
"Tartu Linnavolikogu 18.02.2016 otsus nr  312 \"Loa andmine surugaasil töötavate sõiduautode liisimise riigihanke korraldamiseks\"";"http://info.raad.tartu.ee/webaktid.nsf/web/viited/VOLO2016021800312"
"Tartu Linnavolikogu 18.02.2016 otsus nr  311 \"Loa andmine projektides osalemiseks ja riigihangete korraldamiseks ning Tartu linnapiirkonna jätkusuutliku arengu tegevuskava heakskiitmise delegeerimine\"";"http://info.raad.tartu.ee/webaktid.nsf/web/viited/VOLO2016021800311"
"Tartu Linnavolikogu 18.02.2016 otsus nr  310 \"Loa andmine Tartu linna omandis oleva Raatuse tn 118 kinnistu tasuta võõrandamiseks Eesti Vabariigile\"";"http://info.raad.tartu.ee/webaktid.nsf/web/viited/VOLO2016021800310"
"Tartu Linnavolikogu 18.02.2016 otsus nr  309 \"Kastani tn 43 krundi detailplaneeringu vastuvõtmine ja avalikule väljapanekule suunamine\"";"http://info.raad.tartu.ee/webaktid.nsf/web/viited/VOLO2016021800309"
"Tartu Linnavolikogu 18.02.2016 otsus nr  308 \"Lina tn 4 // 6 // 7 // 8 // 9 // 11 // Aleksandri tn 32 krundi detailplaneeringu kehtestamine\"";"http://info.raad.tartu.ee/webaktid.nsf/web/viited/VOLO2016021800308"
"Tartu Linnavolikogu 18.02.2016 otsus nr  307 \"Paju tn 1a krundi detailplaneeringu kehtestamine\"";"http://info.raad.tartu.ee/webaktid.nsf/web/viited/VOLO2016021800307"
"Tartu Linnavolikogu 18.02.2016 otsus nr  306 \"Ettepanek haldusterritoriaalse korralduse muutmiseks läbirääkimiste alustamiseks\"";"http://info.raad.tartu.ee/webaktid.nsf/web/viited/VOLO2016021800306"
"Tartu Linnavolikogu 18.02.2016 otsus nr  305 \"Aukodaniku nimetuse ja Tartu Tähe andmine\"";"http://info.raad.tartu.ee/webaktid.nsf/web/viited/VOLO2016021800305"
"Tartu Linnavolikogu 21.01.2016 otsus nr  304 \"Maarjamõisa linnaosas asuvale tänavale nime määramine\"";"http://info.raad.tartu.ee/webaktid.nsf/web/viited/VOLO2016012100304"
"Tartu Linnavolikogu 21.01.2016 otsus nr  303 \"Tartu Linnavolikogu 25. juuni 2015. a otsuse nr 229 \"Loa andmine projektis \"Tartu raudteejaama arendamine ja ligipääsetavuse suurendamine\" osalemiseks\" muutmine\"";"http://info.raad.tartu.ee/webaktid.nsf/web/viited/VOLO2016012100303"
"Tartu Linnavolikogu 21.01.2016 otsus nr  302 \"Tähe 19 ja Tähe 19a kruntide detailplaneeringu kehtestamine\"";"http://info.raad.tartu.ee/webaktid.nsf/web/viited/VOLO2016012100302"
"Tartu Linnavolikogu 21.01.2016 otsus nr  301 \"Laulupeo pst 15 krundi detailplaneeringu kehtestamine\"";"http://info.raad.tartu.ee/webaktid.nsf/web/viited/VOLO2016012100301"
"Tartu Linnavolikogu 21.01.2016 otsus nr  300 \"A. Haava tn 16 krundi detailplaneeringu kehtestamine\"";"http://info.raad.tartu.ee/webaktid.nsf/web/viited/VOLO2016012100300"
"Tartu Linnavolikogu 21.01.2016 otsus nr  299 \"Riia tn 1 krundi detailplaneeringu vastuvõtmine ja avalikule väljapanekule suunamine\"";"http://info.raad.tartu.ee/webaktid.nsf/web/viited/VOLO2016012100299"
"Tartu Linnavolikogu 21.01.2016 otsus nr  298 \"Rebase tn 23a krundi ning lähiala detailplaneeringu vastuvõtmine ja avalikule väljapanekule suunamine\"";"http://info.raad.tartu.ee/webaktid.nsf/web/viited/VOLO2016012100298"
"Tartu Linnavolikogu 21.01.2016 otsus nr  297 \"Tartu Ülikooli IT-keskuse ehitamiseks linnale kuuluvate kinnisasjade otsustuskorras võõrandamiseks loa andmine\"";"http://info.raad.tartu.ee/webaktid.nsf/web/viited/VOLO2016012100297"
"Tartu Linnavolikogu 17.12.2015 otsus nr  296 \"Tartu Elamuhalduse ASis osalemise lõpetamine\"";"http://info.raad.tartu.ee/webaktid.nsf/web/viited/VOLO2015121700296"
"Tartu Linnavolikogu 17.12.2015 otsus nr  295 \"Loa andmine OÜga Tartu Veekeskus rendilepingu sõlmimiseks\"";"http://info.raad.tartu.ee/webaktid.nsf/web/viited/VOLO2015121700295"
"Tartu Linnavolikogu 17.12.2015 otsus nr  294 \"Loa andmine linnale kuuluvast Riia tänav T179 krundist maaosa otsustuskorras võõrandamiseks\"";"http://info.raad.tartu.ee/webaktid.nsf/web/viited/VOLO2015121700294"
"Tartu Linnavolikogu 17.12.2015 otsus nr  293 \"Halduslepingute sõlmimine viivistasu otsuse kolmanda eksemplari edastamiseks\"";"http://info.raad.tartu.ee/webaktid.nsf/web/viited/VOLO2015121700293"
"Tartu Linnavolikogu 17.12.2015 otsus nr  292 \"Loa andmine projektis \"Põhimaanteid E263 Tallinn-Tartu-Luhamaa ja T3 Jõhvi-Tartu-Valga ühendava Tartu idapoolse ringtee 3. ehitusala ehitamine\" osalemiseks\"";"http://info.raad.tartu.ee/webaktid.nsf/web/viited/VOLO2015121700292"
"Tartu Linnavolikogu 17.12.2015 otsus nr  291 \"Toetuse andmine OÜle Lõuna Jää\"";"http://info.raad.tartu.ee/webaktid.nsf/web/viited/VOLO2015121700291"
"Tartu Linnavolikogu 03.12.2015 otsus nr  290 \"Linnavolikogu linnamajanduskomisjoni koosseisu muutmine\"";"http://info.raad.tartu.ee/webaktid.nsf/web/viited/VOLO2015120300290"
"Tartu Linnavolikogu 03.12.2015 otsus nr  289 \"Ülejõe linnaosas tänavale nime määramine\"";"http://info.raad.tartu.ee/webaktid.nsf/web/viited/VOLO2015120300289"
"Tartu Linnavolikogu 03.12.2015 otsus nr  288 \"Tartu linna vee-ettevõtja määramine\"";"http://info.raad.tartu.ee/webaktid.nsf/web/viited/VOLO2015120300288"
"Tartu Linnavolikogu 03.12.2015 otsus nr  287 \"Tartu Linnavolikogu 4. detsembri 2014. a otsuse nr 156 \"Kohalike teede nimekiri\" muutmine\"";"http://info.raad.tartu.ee/webaktid.nsf/web/viited/VOLO2015120300287"
"Tartu Linnavolikogu 03.12.2015 otsus nr  286 \"Luunja vallaga halduslepingu sõlmimine\"";"http://info.raad.tartu.ee/webaktid.nsf/web/viited/VOLO2015120300286"
"Tartu Linnavolikogu 03.12.2015 otsus nr  285 \"Loa andmine projektis \"OSIRYS\" osalemiseks\"";"http://info.raad.tartu.ee/webaktid.nsf/web/viited/VOLO2015120300285"
"Tartu Linnavolikogu 03.12.2015 otsus nr  284 \"Loa andmine linnale kuuluvast Tähe tänav T133 kinnistust maaosa otsustuskorras võõrandamiseks\"";"http://info.raad.tartu.ee/webaktid.nsf/web/viited/VOLO2015120300284"
"Tartu Linnavolikogu 03.12.2015 otsus nr  283 \"Tähe 19 ja Tähe 19a kruntide detailplaneeringu vastuvõtmine ja avalikule väljapanekule suunamine\"";"http://info.raad.tartu.ee/webaktid.nsf/web/viited/VOLO2015120300283"
"Tartu Linnavolikogu 03.12.2015 otsus nr  282 \"A. Haava tn 16 krundi detailplaneeringu vastuvõtmine ja avalikule väljapanekule suunamine\"";"http://info.raad.tartu.ee/webaktid.nsf/web/viited/VOLO2015120300282"
"Tartu Linnavolikogu 03.12.2015 otsus nr  281 \"Riia tn 193 krundi ja lähiala detailplaneeringu kehtestamine\"";"http://info.raad.tartu.ee/webaktid.nsf/web/viited/VOLO2015120300281"
"Tartu Linnavolikogu 03.12.2015 otsus nr  280 \"Lai 11, 13, 15 ning Lutsu 4, 8, 10 kruntide detailplaneeringu osaline kehtetuks tunnistamine Lutsu tn 12 krundi osas\"";"http://info.raad.tartu.ee/webaktid.nsf/web/viited/VOLO2015120300280"
"Tartu Linnavolikogu 12.11.2015 otsus nr  279 \"Linnavolikogu rahanduskomisjoni koosseisu muutmine\"";"http://info.raad.tartu.ee/webaktid.nsf/web/viited/VOLO2015111200279"
"Tartu Linnavolikogu 12.11.2015 otsus nr  278 \"Linnavolikogu linnavarakomisjoni koosseisu muutmine\"";"http://info.raad.tartu.ee/webaktid.nsf/web/viited/VOLO2015111200278"
"Tartu Linnavolikogu 12.11.2015 otsus nr  277 \"Ülejõe linnaosas tänavale nime määramine\"";"http://info.raad.tartu.ee/webaktid.nsf/web/viited/VOLO2015111200277"
"Tartu Linnavolikogu 12.11.2015 otsus nr  276 \"Sihtasutuse Tartu Eluasemefond põhikirja uue redaktsiooni kinnitamine\"";"http://info.raad.tartu.ee/webaktid.nsf/web/viited/VOLO2015111200276"
"Tartu Linnavolikogu 12.11.2015 otsus nr  275 \"Loa andmine Tartu linna teede projekteerimise riigihangete korraldamiseks\"";"http://info.raad.tartu.ee/webaktid.nsf/web/viited/VOLO2015111200275"
"Tartu Linnavolikogu 12.11.2015 otsus nr  274 \"Loa andmine Tartu linna bussidepoo projekteerimise ja ehitamise riigihanke korraldamiseks\"";"http://info.raad.tartu.ee/webaktid.nsf/web/viited/VOLO2015111200274"
"Tartu Linnavolikogu 12.11.2015 otsus nr  273 \"Loa andmine Tartu tänavate aastaringse hoolduse riigihanke korraldamiseks\"";"http://info.raad.tartu.ee/webaktid.nsf/web/viited/VOLO2015111200273"
"Tartu Linnavolikogu 12.11.2015 otsus nr  272 \"Tartu linna liiklusohutusprogrammi 2016-2025 koostamise algatamine\"";"http://info.raad.tartu.ee/webaktid.nsf/web/viited/VOLO2015111200272"
"Tartu Linnavolikogu 12.11.2015 otsus nr  271 \"Tähtvere tn 33 // 35 // 37 ja Tähtvere tn 39 kruntide detailplaneeringu kehtestamine\"";"http://info.raad.tartu.ee/webaktid.nsf/web/viited/VOLO2015111200271"
"Tartu Linnavolikogu 12.11.2015 otsus nr  270 \"Herne tn 45a ja Marja tn 26 kruntide detailplaneeringu kehtestamine\"";"http://info.raad.tartu.ee/webaktid.nsf/web/viited/VOLO2015111200270"
"Tartu Linnavolikogu 12.11.2015 otsus nr  269 \"Pepleri tn 34 krundi detailplaneeringu kehtestamine\"";"http://info.raad.tartu.ee/webaktid.nsf/web/viited/VOLO2015111200269"
"Tartu Linnavolikogu 12.11.2015 otsus nr  268 \"Riia tn 181, Ringtee tn 75 ja 75h kruntide detailplaneeringu kehtestamine\"";"http://info.raad.tartu.ee/webaktid.nsf/web/viited/VOLO2015111200268"
"Tartu Linnavolikogu 12.11.2015 otsus nr  267 \"Krundi Kastani 38 detailplaneeringu kehtetuks tunnistamine\"";"http://info.raad.tartu.ee/webaktid.nsf/web/viited/VOLO2015111200267"
"Tartu Linnavolikogu 12.11.2015 otsus nr  266 \"Laulupeo pst 15 krundi detailplaneeringu vastuvõtmine ja avalikule väljapanekule suunamine\"";"http://info.raad.tartu.ee/webaktid.nsf/web/viited/VOLO2015111200266"
"Tartu Linnavolikogu 15.10.2015 otsus nr  265 \"Linnavolikogu linnamajanduskomisjoni koosseisu muutmine\"";"http://info.raad.tartu.ee/webaktid.nsf/web/viited/VOLO2015101500265"
"Tartu Linnavolikogu 15.10.2015 otsus nr  264 \"Loa andmine Tartu lasteaia- ja koolihoonete ehitus- ja remonditööde riigihangete korraldamiseks\"";"http://info.raad.tartu.ee/webaktid.nsf/web/viited/VOLO2015101500264"
"Tartu Linnavolikogu 15.10.2015 otsus nr  263 \"Loa andmine erivajadusega isikute sotsiaaltransporditeenuse riigihanke korraldamiseks\"";"http://info.raad.tartu.ee/webaktid.nsf/web/viited/VOLO2015101500263"
"Tartu Linnavolikogu 15.10.2015 otsus nr  262 \"Loa andmine Võidu silla kujundusvalgustuse ostu ja paigalduse riigihanke korraldamiseks\"";"http://info.raad.tartu.ee/webaktid.nsf/web/viited/VOLO2015101500262"
"Tartu Linnavolikogu 15.10.2015 otsus nr  261 \"Tiigi tn 67 krundi detailplaneeringu koostamise algatamine ja lähteseisukohtade kinnitamine ning keskkonnamõju strateegilise hindamise algatamata jätmine\"";"http://info.raad.tartu.ee/webaktid.nsf/web/viited/VOLO2015101500261"
"Tartu Linnavolikogu 15.10.2015 otsus nr  260 \"Ravila tn 14a // 14b // 14c krundi detailplaneeringu koostamise algatamine ja lähteseisukohtade kinnitamine ning keskkonnamõju strateegilise hindamise algatamata jätmine\"";"http://info.raad.tartu.ee/webaktid.nsf/web/viited/VOLO2015101500260"
"Tartu Linnavolikogu 15.10.2015 otsus nr  259 \"Paju tn 1a krundi detailplaneeringu vastuvõtmine ja avalikule väljapanekule suunamine\"";"http://info.raad.tartu.ee/webaktid.nsf/web/viited/VOLO2015101500259"
"Tartu Linnavolikogu 17.09.2015 otsus nr  258 \"Kesklinna linnaosas asuvale haljasalale nime määramine\"";"http://info.raad.tartu.ee/webaktid.nsf/web/viited/VOLO2015091700258"
"Tartu Linnavolikogu 17.09.2015 otsus nr  257 \"Autovabal päeval Tartu linna ühistranspordis tasuta sõidu õiguse andmine\"";"http://info.raad.tartu.ee/webaktid.nsf/web/viited/VOLO2015091700257"
"Tartu Linnavolikogu 17.09.2015 otsus nr  256 \"Linnavolikogu rahanduskomisjoni koosseisu muutmine\"";"http://info.raad.tartu.ee/webaktid.nsf/web/viited/VOLO2015091700256"
"Tartu Linnavolikogu 17.09.2015 otsus nr  255 \"Linnavolikogu arengu- ja planeerimiskomisjoni koosseisu muutmine\"";"http://info.raad.tartu.ee/webaktid.nsf/web/viited/VOLO2015091700255"
"Tartu Linnavolikogu 17.09.2015 otsus nr  254 \"Loa andmine linnale kuuluvate kinnistute otsustuskorras võõrandamiseks ja linnavara omandamiseks\"";"http://info.raad.tartu.ee/webaktid.nsf/web/viited/VOLO2015091700254"
"Tartu Linnavolikogu 17.09.2015 otsus nr  253 \"Loa andmine Tartu linnas asuvate Nõukogude Liidu aegsete sõjaväelennujaama hoonete lammutamise IV etapi käigus tehtavate tööde riigihanke korraldamiseks\"";"http://info.raad.tartu.ee/webaktid.nsf/web/viited/VOLO2015091700253"
"Tartu Linnavolikogu 17.09.2015 otsus nr  252 \"Loa andmine Tartu linnale kuuluvate elamute, haldushoonete ja rajatiste korrashoiuteenuse riigihanke korraldamiseks\"";"http://info.raad.tartu.ee/webaktid.nsf/web/viited/VOLO2015091700252"
"Tartu Linnavolikogu 17.09.2015 otsus nr  251 \"Loa andmine Tartu Oskar Lutsu nimelise Linnaraamatukogu ruumide koristusteenuse riigihanke korraldamiseks\"";"http://info.raad.tartu.ee/webaktid.nsf/web/viited/VOLO2015091700251"
"Tartu Linnavolikogu 17.09.2015 otsus nr  250 \"Loa andmine liitumislepingu sõlmimiseks\"";"http://info.raad.tartu.ee/webaktid.nsf/web/viited/VOLO2015091700250"
"Tartu Linnavolikogu 17.09.2015 otsus nr  249 \"Tartu kesklinna üldplaneeringu vastuvõtmine, üldplaneeringu ja keskkonnamõju strateegilise hindamise aruande avalikule väljapanekule ja arutelule suunamine\"";"http://info.raad.tartu.ee/webaktid.nsf/web/viited/VOLO2015091700249"
"Tartu Linnavolikogu 17.09.2015 otsus nr  248 \"Herne tn 45a ja Marja tn 26 kruntide detailplaneeringu vastuvõtmine ja avalikule väljapanekule suunamine\"";"http://info.raad.tartu.ee/webaktid.nsf/web/viited/VOLO2015091700248"
"Tartu Linnavolikogu 17.09.2015 otsus nr  247 \"Tähtvere tn 33 // 35 // 37 ja Tähtvere tn 39 kruntide detailplaneeringu vastuvõtmine ja avalikule väljapanekule suunamine\"";"http://info.raad.tartu.ee/webaktid.nsf/web/viited/VOLO2015091700247"
"Tartu Linnavolikogu 17.09.2015 otsus nr  246 \"Emajõe vasakkalda kaldarajatiste detailplaneeringu kehtestamine\"";"http://info.raad.tartu.ee/webaktid.nsf/web/viited/VOLO2015091700246"
"Tartu Linnavolikogu 17.09.2015 otsus nr  245 \"Tuule tn 2b krundi detailplaneeringu kehtestamine\"";"http://info.raad.tartu.ee/webaktid.nsf/web/viited/VOLO2015091700245"
"Tartu Linnavolikogu 25.06.2015 otsus nr  244 \"Loa andmine linnale kuuluva korteriomandi Lääne tn 4-73 otsustuskorras võõrandamiseks\"";"http://info.raad.tartu.ee/webaktid.nsf/web/viited/VOLO2015062500244"
"Tartu Linnavolikogu 25.06.2015 otsus nr  243 \"Loa andmine linnale kuuluvate kinnistute otsustuskorras võõrandamiseks\"";"http://info.raad.tartu.ee/webaktid.nsf/web/viited/VOLO2015062500243"
"Tartu Linnavolikogu 25.06.2015 otsus nr  242 \"Päeva 1, Tähe 8, Tähe 10 ja Pargi 15 kruntide detailplaneeringu vastuvõtmine ja avalikule väljapanekule suunamine ning keskkonnamõju strateegilise hindamise algatamata jätmine\"";"http://info.raad.tartu.ee/webaktid.nsf/web/viited/VOLO2015062500242"
"Tartu Linnavolikogu 25.06.2015 otsus nr  241 \"Õnne tn 19 krundi detailplaneeringu koostamise algatamine ja lähteseisukohtade kinnitamine\"";"http://info.raad.tartu.ee/webaktid.nsf/web/viited/VOLO2015062500241"
"Tartu Linnavolikogu 25.06.2015 otsus nr  240 \"Riia tn 18 krundi detailplaneeringu koostamise algatamine ja lähteseisukohtade kinnitamine\"";"http://info.raad.tartu.ee/webaktid.nsf/web/viited/VOLO2015062500240"
"Tartu Linnavolikogu 25.06.2015 otsus nr  239 \"Lina tn 4 // 6 // 7 // 8 // 9 // 11 // Aleksandri tn 32 krundi detailplaneeringu vastuvõtmine ja avalikule väljapanekule suunamine ning keskkonnamõju strateegilise hindamise algatamata jätmine
\"";"http://info.raad.tartu.ee/webaktid.nsf/web/viited/VOLO2015062500239"
"Tartu Linnavolikogu 25.06.2015 otsus nr  238 \"Emajõe vasakkalda kaldarajatiste detailplaneeringu vastuvõtmine ja avalikule väljapanekule suunamine\"";"http://info.raad.tartu.ee/webaktid.nsf/web/viited/VOLO2015062500238"
"Tartu Linnavolikogu 25.06.2015 otsus nr  237 \"Lossi tn 38 krundi ja lähiala detailplaneeringu kehtestamine\"";"http://info.raad.tartu.ee/webaktid.nsf/web/viited/VOLO2015062500237"
"Tartu Linnavolikogu 25.06.2015 otsus nr  236 \"Ranna pst 36 krundi detailplaneeringu kehtestamine\"";"http://info.raad.tartu.ee/webaktid.nsf/web/viited/VOLO2015062500236"
"Tartu Linnavolikogu 25.06.2015 otsus nr  235 \"Turu tn 18 krundi osa detailplaneeringu kehtestamine\"";"http://info.raad.tartu.ee/webaktid.nsf/web/viited/VOLO2015062500235"
"Tartu Linnavolikogu 25.06.2015 otsus nr  234 \"Nõmme tn 17a ja Nõmme tn 17b kruntide detailplaneeringu kehtestamine\"";"http://info.raad.tartu.ee/webaktid.nsf/web/viited/VOLO2015062500234"
"Tartu Linnavolikogu 25.06.2015 otsus nr  233 \"Aardla tn 23e // 23h krundi detailplaneeringu kehtestamine\"";"http://info.raad.tartu.ee/webaktid.nsf/web/viited/VOLO2015062500233"
"Tartu Linnavolikogu 25.06.2015 otsus nr  232 \"Loa andmine lapsehoiukohtade ja lapsehoiuteenuse pakkumise projektis osalemiseks\"";"http://info.raad.tartu.ee/webaktid.nsf/web/viited/VOLO2015062500232"
"Tartu Linnavolikogu 25.06.2015 otsus nr  231 \"Loa andmine projekteerimistööde riigihangete korraldamiseks\"";"http://info.raad.tartu.ee/webaktid.nsf/web/viited/VOLO2015062500231"
"Tartu Linnavolikogu 25.06.2015 otsus nr  230 \"Loa andmine tänavate korrashoiutööde riigihanke korraldamiseks\"";"http://info.raad.tartu.ee/webaktid.nsf/web/viited/VOLO2015062500230"
"Tartu Linnavolikogu 25.06.2015 otsus nr  229 \"Loa andmine projektis \"Tartu raudteejaama arendamine ja ligipääsetavuse suurendamine\" osalemiseks\"";"http://info.raad.tartu.ee/webaktid.nsf/web/viited/VOLO2015062500229"
"Tartu Linnavolikogu 25.06.2015 otsus nr  228 \"Loa andmine Turu tänava (Soola tn - Riia tn) ja Soola tänava (Turu tn - Kalevi tn) rekonstrueerimise ja omanikujärelevalve riigihangete korraldamiseks\"";"http://info.raad.tartu.ee/webaktid.nsf/web/viited/VOLO2015062500228"
"Tartu Linnavolikogu 25.06.2015 otsus nr  227 \"Tartu Linnavolikogu 14. aprilli 2011. a otsuse nr 190 \"Tartu Tamme Gümnaasiumi põhimäärus\" kehtetuks tunnistamine\"";"http://info.raad.tartu.ee/webaktid.nsf/web/viited/VOLO2015062500227"
"Tartu Linnavolikogu 25.06.2015 otsus nr  226 \"Tartu linna arengukava muutmisettepanekute ja eelarvestrateegia projekti heakskiitmine ja avalikule väljapanekule suunamine\"";"http://info.raad.tartu.ee/webaktid.nsf/web/viited/VOLO2015062500226"
"Tartu Linnavolikogu 25.06.2015 otsus nr  225 \"Tartu linna 2014. a majandusaasta aruanne ja Tartu linna arengukava 2014. a ülesannete täitmise aruanne
\"";"http://info.raad.tartu.ee/webaktid.nsf/web/viited/VOLO2015062500225"
"Tartu Linnavolikogu 21.05.2015 otsus nr  224 \"Linnavolikogu linnavarakomisjoni koosseisu muutmine\"";"http://info.raad.tartu.ee/webaktid.nsf/web/viited/VOLO2015052100224"
"Tartu Linnavolikogu 21.05.2015 otsus nr  223 \"Tartu Linnavolikogu 5. novembri 1998. a otsuse nr 257 \"Tartu Laste Turvakodu põhimääruse kinnitamine\" kehtetuks tunnistamine\"";"http://info.raad.tartu.ee/webaktid.nsf/web/viited/VOLO2015052100223"
"Tartu Linnavolikogu 21.05.2015 otsus nr  222 \"Linnaliste piirkondade arendamise meetme raames esitatud projektide garanteerimine\"";"http://info.raad.tartu.ee/webaktid.nsf/web/viited/VOLO2015052100222"
"Tartu Linnavolikogu 21.05.2015 otsus nr  221 \"Tartu linna transpordi arengukava 2012-2020 muudatuste heakskiitmine ja avalikule väljapanekule suunamine\"";"http://info.raad.tartu.ee/webaktid.nsf/web/viited/VOLO2015052100221"
"Tartu Linnavolikogu 21.05.2015 otsus nr  220 \"Linnavolikogu arengu- ja planeerimiskomisjoni aseesimehe valimine\"";"http://info.raad.tartu.ee/webaktid.nsf/web/viited/VOLO2015052100220"
"Tartu Linnavolikogu 21.05.2015 otsus nr  219 \"Ihaste tee 18 krundi detailplaneeringu eskiislahenduse avaliku arutelu korraldamine ja keskkonnamõju strateegilise hindamise algatamata jätmine\"";"http://info.raad.tartu.ee/webaktid.nsf/web/viited/VOLO2015052100219"
"Tartu Linnavolikogu 21.05.2015 otsus nr  218 \"Riia tn 181, Ringtee tn 75 ja 75h kruntide detailplaneeringu vastuvõtmine, avalikule väljapanekule suunamine ja keskkonnamõju strateegilise hindamise algatamata jätmine\"";"http://info.raad.tartu.ee/webaktid.nsf/web/viited/VOLO2015052100218"
"Tartu Linnavolikogu 21.05.2015 otsus nr  217 \"Lossi tn 38 krundi ja lähiala detailplaneeringu vastuvõtmine ja avalikule väljapanekule suunamine\"";"http://info.raad.tartu.ee/webaktid.nsf/web/viited/VOLO2015052100217"
"Tartu Linnavolikogu 21.05.2015 otsus nr  216 \"Nõmme tn 17a ja Nõmme tn 17b kruntide detailplaneeringu vastuvõtmine ja avalikule väljapanekule suunamine\"";"http://info.raad.tartu.ee/webaktid.nsf/web/viited/VOLO2015052100216"
"Tartu Linnavolikogu 21.05.2015 otsus nr  215 \"Riia tn 193 krundi ja lähiala detailplaneeringu vastuvõtmine, avalikule väljapanekule suunamine\"";"http://info.raad.tartu.ee/webaktid.nsf/web/viited/VOLO2015052100215"
"Tartu Linnavolikogu 21.05.2015 otsus nr  214 \"Tuule tn 2b krundi detailplaneeringu vastuvõtmine ja avalikule väljapanekule suunamine\"";"http://info.raad.tartu.ee/webaktid.nsf/web/viited/VOLO2015052100214"
"Tartu Linnavolikogu 21.05.2015 otsus nr  213 \"Filosoofi tn 9 krundi detailplaneeringu kehtestamine\"";"http://info.raad.tartu.ee/webaktid.nsf/web/viited/VOLO2015052100213"
"Tartu Linnavolikogu 21.05.2015 otsus nr  212 \"Loa andmine riigihanke \"Aktiivõppe programmid Tartu põhikoolide ja gümnaasiumite õpilastele õppeaastateks 2015/2016 - 2016/2017\" korraldamiseks\"";"http://info.raad.tartu.ee/webaktid.nsf/web/viited/VOLO2015052100212"
"Tartu Linnavolikogu 21.05.2015 otsus nr  211 \"Tartumaa Omavalitsuste Liidu Omavalitsuste Päevalt esindaja tagasikutsumine ja uue esindaja nimetamine\"";"http://info.raad.tartu.ee/webaktid.nsf/web/viited/VOLO2015052100211"
"Tartu Linnavolikogu 21.05.2015 otsus nr  210 \"Eesti Linnade Liidu üldkoosolekult ja volikogust esindaja tagasikutsumine ja uue esindaja nimetamine\"";"http://info.raad.tartu.ee/webaktid.nsf/web/viited/VOLO2015052100210"
"Tartu Linnavolikogu 21.05.2015 otsus nr  209 \"Loa andmine Tartu linnale elektrienergia ostmise riigihanke korraldamiseks\"";"http://info.raad.tartu.ee/webaktid.nsf/web/viited/VOLO2015052100209"
"Tartu Linnavolikogu 16.04.2015 otsus nr  208 \"Linnavolikogu hariduskomisjoni koosseisu muutmine\"";"http://info.raad.tartu.ee/webaktid.nsf/web/viited/VOLO2015041600208"
"Tartu Linnavolikogu 16.04.2015 otsus nr  207 \"Paju 1a ja Pikk 63 kruntide detailplaneeringu eskiislahenduse avaliku arutelu korraldamine ja keskkonnamõju strateegilise hindamise algatamata jätmine\"";"http://info.raad.tartu.ee/webaktid.nsf/web/viited/VOLO2015041600207"
"Tartu Linnavolikogu 16.04.2015 otsus nr  206 \"J. Kuperjanovi tn 8 krundi detailplaneeringu koostamise algatamine ja lähteseisukohtade kinnitamine\"";"http://info.raad.tartu.ee/webaktid.nsf/web/viited/VOLO2015041600206"
"Tartu Linnavolikogu 16.04.2015 otsus nr  205 \"Turu tn 18 krundi osa detailplaneeringu vastuvõtmine ja avalikule väljapanekule suunamine\"";"http://info.raad.tartu.ee/webaktid.nsf/web/viited/VOLO2015041600205"
"Tartu Linnavolikogu 16.04.2015 otsus nr  204 \"Küütri tn 5 krundi detailplaneeringu koostamise algatamine ja lähteseisukohtade kinnitamine\"";"http://info.raad.tartu.ee/webaktid.nsf/web/viited/VOLO2015041600204"
"Tartu Linnavolikogu 16.04.2015 otsus nr  203 \"Loa andmine sõiduauto liisimise riigihanke korraldamiseks\"";"http://info.raad.tartu.ee/webaktid.nsf/web/viited/VOLO2015041600203"
"Tartu Linnavolikogu 16.04.2015 otsus nr  202 \"Loa andmine välisabi vahenditega rahastatavas projektis \"Nutikas linnaosa (Smart City District)\" osalemiseks\"";"http://info.raad.tartu.ee/webaktid.nsf/web/viited/VOLO2015041600202"
"Tartu Linnavolikogu 16.04.2015 otsus nr  201 \"Loa andmine Tartu linna maale bussiootepaviljonide paigaldamise ja hooldamise riigihanke korraldamiseks\"";"http://info.raad.tartu.ee/webaktid.nsf/web/viited/VOLO2015041600201"
"Tartu Linnavolikogu 16.04.2015 otsus nr  200 \"Loa andmine avalike pakendikonteinerite ümbruse koristamise ja ohtlike jäätmete kogumispunktide haldamise riigihangete korraldamiseks\"";"http://info.raad.tartu.ee/webaktid.nsf/web/viited/VOLO2015041600200"
"Tartu Linnavolikogu 16.04.2015 otsus nr  199 \"Loa andmine avaliku bussiliiniveo riigihanke korraldamiseks\"";"http://info.raad.tartu.ee/webaktid.nsf/web/viited/VOLO2015041600199"
"Tartu Linnavolikogu 16.04.2015 otsus nr  198 \"Loa andmine projektis \"Turu tänava remontimine Jõe ja Teguri tänava vahelises lõigus\" osalemiseks\"";"http://info.raad.tartu.ee/webaktid.nsf/web/viited/VOLO2015041600198"
"Tartu Linnavolikogu 16.04.2015 otsus nr  197 \"Loa andmine Tartu linna kooli- ja haldushoonete koristusteenuse ostmise riigihanke korraldamiseks\"";"http://info.raad.tartu.ee/webaktid.nsf/web/viited/VOLO2015041600197"
"Tartu Linnavolikogu 16.04.2015 otsus nr  196 \"Linnavalitsuse uue liikme kinnitamine\"";"http://info.raad.tartu.ee/webaktid.nsf/web/viited/VOLO2015041600196"
"Tartu Linnavolikogu 16.04.2015 otsus nr  195 \"Linnavolikogu esimehele tasu ja hüvituste määramine\"";"http://info.raad.tartu.ee/webaktid.nsf/web/viited/VOLO2015041600195"
"Tartu Linnavolikogu 16.04.2015 otsus nr  194 \"Linnavolikogu esimehe valimine\"";"http://info.raad.tartu.ee/webaktid.nsf/web/viited/VOLO2015041600194"
"Tartu Linnavolikogu 19.03.2015 otsus nr  193 \"Loa andmine Aardla-Raudtee-Soinaste tn ristmiku rekonstrueerimise ja omanikujärelevalve teenuse osutamise riigihangete korraldamiseks\"";"http://info.raad.tartu.ee/webaktid.nsf/web/viited/VOLO2015031900193"
"Tartu Linnavolikogu 19.03.2015 otsus nr  192 \"Tartu Kutsehariduskeskusele loa andmine õppetööks ja õppetööd toetavate teenuste osutamiseks vajalike riigihangete korraldamiseks\"";"http://info.raad.tartu.ee/webaktid.nsf/web/viited/VOLO2015031900192"
"Tartu Linnavolikogu 19.03.2015 otsus nr  191 \"Loa andmine osaühinguga Anne Saun äriruumi üürilepingu sõlmimiseks\"";"http://info.raad.tartu.ee/webaktid.nsf/web/viited/VOLO2015031900191"
"Tartu Linnavolikogu 19.03.2015 otsus nr  190 \"Ravila Tööstuspargis asuvatele kinnistutele hoonestusõiguse seadmine\"";"http://info.raad.tartu.ee/webaktid.nsf/web/viited/VOLO2015031900190"
"Tartu Linnavolikogu 19.03.2015 otsus nr  189 \"A. Haava tn 16 krundi detailplaneeringu koostamise algatamine ja lähteseisukohtade kinnitamine\"";"http://info.raad.tartu.ee/webaktid.nsf/web/viited/VOLO2015031900189"
"Tartu Linnavolikogu 19.03.2015 otsus nr  188 \"L. Puusepa tn 2//4//6//8 krundi ja lähiala detailplaneeringu koostamise algatamine, lähteseisukohtade kinnitamine ning keskkonnamõju strateegilise hindamise algatamata jätmine\"";"http://info.raad.tartu.ee/webaktid.nsf/web/viited/VOLO2015031900188"
"Tartu Linnavolikogu 19.03.2015 otsus nr  187 \"Aardla tn 23e//23h krundi detailplaneeringu vastuvõtmine ja avalikule väljapanekule suunamine\"";"http://info.raad.tartu.ee/webaktid.nsf/web/viited/VOLO2015031900187"
"Tartu Linnavolikogu 19.03.2015 otsus nr  186 \"Pepleri tn 34 krundi detailplaneeringu vastuvõtmine ja avalikule väljapanekule suunamine\"";"http://info.raad.tartu.ee/webaktid.nsf/web/viited/VOLO2015031900186"
"Tartu Linnavolikogu 19.03.2015 otsus nr  185 \"Tartu Linnavolikogu 4. detsembri 2014. a otsusele nr 152 \"Turu tn 2, Soola tn 8, Soola tn 4 ja Soola tn 4a kruntide ning lähiala detailplaneeringu kehtestamine“ esitatud vaide läbivaatamine\"";"http://info.raad.tartu.ee/webaktid.nsf/web/viited/VOLO2015031900185"
"Tartu Linnavolikogu 19.03.2015 otsus nr  184 \"Narva mnt 104 krundi detailplaneeringu kehtestamine\"";"http://info.raad.tartu.ee/webaktid.nsf/web/viited/VOLO2015031900184"
"Tartu Linnavolikogu 19.03.2015 otsus nr  183 \"Kalevi tn 52 krundi detailplaneeringu kehtestamine\"";"http://info.raad.tartu.ee/webaktid.nsf/web/viited/VOLO2015031900183"
"Tartu Linnavolikogu 19.02.2015 otsus nr  182 \"Tartu linna säästva energiamajanduse tegevuskava aastateks 2015-2020 projekti heakskiitmine ja avalikule väljapanekule suunamine\"";"http://info.raad.tartu.ee/webaktid.nsf/web/viited/VOLO2015021900182"
"Tartu Linnavolikogu 19.02.2015 otsus nr  181 \"Loa andmine Roosi, Nooruse, Sanatooriumi ning Viljandi mnt 42 kinnistul Ravila tänavat Sanatooriumi tänavaga ühendava tänava rekonstrueerimise riigihangete korraldamiseks\"";"http://info.raad.tartu.ee/webaktid.nsf/web/viited/VOLO2015021900181"
"Tartu Linnavolikogu 19.02.2015 otsus nr  180 \"Loa andmine gaasil töötavate sõiduautode liisimise riigihanke korraldamiseks\"";"http://info.raad.tartu.ee/webaktid.nsf/web/viited/VOLO2015021900180"
"Tartu Linnavolikogu 19.02.2015 otsus nr  179 \"Loa andmine Tartu linna üldplaneeringu koostamiseks vajalike riigihangete korraldamiseks\"";"http://info.raad.tartu.ee/webaktid.nsf/web/viited/VOLO2015021900179"
"Tartu Linnavolikogu 19.02.2015 otsus nr  178 \"Filosoofi tn 9 krundi detailplaneeringu vastuvõtmine ja avalikule väljapanekule suunamine\"";"http://info.raad.tartu.ee/webaktid.nsf/web/viited/VOLO2015021900178"
"Tartu Linnavolikogu 19.02.2015 otsus nr  177 \"Eha tn 8 krundi detailplaneeringu kehtestamine\"";"http://info.raad.tartu.ee/webaktid.nsf/web/viited/VOLO2015021900177"
"Tartu Linnavolikogu 19.02.2015 otsus nr  176 \"Emajõe vasakkalda kaldarajatiste detailplaneeringu koostamise algatamine, lähteseisukohtade kinnitamine ning keskkonnamõju strateegilise hindamise algatamata jätmine\"";"http://info.raad.tartu.ee/webaktid.nsf/web/viited/VOLO2015021900176"
"Tartu Linnavolikogu 19.02.2015 otsus nr  175 \"Rahvakohtunikukandidaatide valimine\"";"http://info.raad.tartu.ee/webaktid.nsf/web/viited/VOLO2015021900175"
"Tartu Linnavolikogu 19.02.2015 otsus nr  174 \"Tartu Tamme Gümnaasiumi pidamise riigile üleandmine, loa andmine Haridus- ja Teadusministeeriumiga lepingute sõlmimiseks ning riigihanke korraldamiseks\"";"http://info.raad.tartu.ee/webaktid.nsf/web/viited/VOLO2015021900174"
"Tartu Linnavolikogu 19.02.2015 otsus nr  173 \"Aukodaniku nimetuse ja Tartu Tähe andmine\"";"http://info.raad.tartu.ee/webaktid.nsf/web/viited/VOLO2015021900173"
"Tartu Linnavolikogu 22.01.2015 otsus nr  172 \"Sihtasutuse Tartu Kultuurkapital põhikirja uue redaktsiooni kinnitamine\"";"http://info.raad.tartu.ee/webaktid.nsf/web/viited/VOLO2015012200172"
"Tartu Linnavolikogu 22.01.2015 otsus nr  171 \"Loa andmine riigihanke \"Tartu Annemõisa kunstmuruväljaku rekonstrueerimine\" korraldamiseks\"";"http://info.raad.tartu.ee/webaktid.nsf/web/viited/VOLO2015012200171"
"Tartu Linnavolikogu 22.01.2015 otsus nr  170 \"Riigikogu valimisteks jaoskonnakomisjonide moodustamine\"";"http://info.raad.tartu.ee/webaktid.nsf/web/viited/VOLO2015012200170"
"Tartu Linnavolikogu 22.01.2015 otsus nr  169 \"Sepa tn 15a kinnistule hoonestusõiguse seadmine\"";"http://info.raad.tartu.ee/webaktid.nsf/web/viited/VOLO2015012200169"
"Tartu Linnavolikogu 22.01.2015 otsus nr  168 \"Nõustumine minimaalsuurusest väiksemate katastriüksuste moodustamisega\"";"http://info.raad.tartu.ee/webaktid.nsf/web/viited/VOLO2015012200168"
"Tartu Linnavolikogu 22.01.2015 otsus nr  167 \"Narva mnt 104 krundi detailplaneeringu vastuvõtmine ja avalikule väljapanekule suunamine\"";"http://info.raad.tartu.ee/webaktid.nsf/web/viited/VOLO2015012200167"
"Tartu Linnavolikogu 22.01.2015 otsus nr  166 \"Kitsas tn 5 krundi detailplaneeringu kehtestamine\"";"http://info.raad.tartu.ee/webaktid.nsf/web/viited/VOLO2015012200166"
"Tartu Linnavolikogu 22.01.2015 otsus nr  165 \"Tervise, Kibuvitsa, Palsami ja Sanatooriumi tänavate vahelise territooriumi detailplaneeringu osaline kehtetuks tunnistamine Palsami tn 8 krundi osas\"";"http://info.raad.tartu.ee/webaktid.nsf/web/viited/VOLO2015012200165"
"Tartu Linnavolikogu 22.01.2015 otsus nr  164 \"Arengustrateegia Tartu 2030 uuendatud versiooni heakskiitmine ja avalikule väljapanekule suunamine\"";"http://info.raad.tartu.ee/webaktid.nsf/web/viited/VOLO2015012200164"
"Tartu Linnavolikogu 18.12.2014 otsus nr  163 \"Tartu Linnavolikogu 11. novembri 2010. a otsuse nr 139 \"Loa andmine Puiestee, Kasarmu, Roosi ja Vahi tänavatega piirneva ala detailplaneeringu järgsetele kruntidele (positsioonid 5, 7 ja 8) hoonestusõiguse seadmiseks\" kehtetuks tunnistamine\"";"http://info.raad.tartu.ee/webaktid.nsf/web/viited/VOLO2014121800163"
"Tartu Linnavolikogu 18.12.2014 otsus nr  162 \"Tartu linnapiirkonna jätkusuutliku arengu strateegia 2014-2020\"";"http://info.raad.tartu.ee/webaktid.nsf/web/viited/VOLO2014121800162"
"Tartu Linnavolikogu 18.12.2014 otsus nr  161 \"Tartu linna liitumine Euroopa teaduskultuuri linnade võrgustikuga\"";"http://info.raad.tartu.ee/webaktid.nsf/web/viited/VOLO2014121800161"
"Tartu Linnavolikogu 18.12.2014 otsus nr  160 \"Tartu linna üldplaneeringu koostamise ja keskkonnamõju strateegilise hindamise algatamine ning lähteseisukohtade kinnitamine\"";"http://info.raad.tartu.ee/webaktid.nsf/web/viited/VOLO2014121800160"
"Tartu Linnavolikogu 18.12.2014 otsus nr  159 \"Riia tn 20, Riia tn 22 ja Era tn 3 kruntide detailplaneeringu koostamise algatamine, lähteseisukohtade kinnitamine ning keskkonnamõju strateegilise hindamise algatamata jätmine\"";"http://info.raad.tartu.ee/webaktid.nsf/web/viited/VOLO2014121800159"
"Tartu Linnavolikogu 18.12.2014 otsus nr  158 \"Krundi Anne 68 detailplaneeringu kehtetuks tunnistamine\"";"http://info.raad.tartu.ee/webaktid.nsf/web/viited/VOLO2014121800158"
"Tartu Linnavolikogu 18.12.2014 otsus nr  157 \"Fr. R. Kreutzwaldi tn 1b krundi detailplaneeringu kehtestamine\"";"http://info.raad.tartu.ee/webaktid.nsf/web/viited/VOLO2014121800157"
"Tartu Linnavolikogu 04.12.2014 otsus nr  156 \"Kohalike teede nimekiri\"";"http://info.raad.tartu.ee/webaktid.nsf/web/viited/VOLO2014120400156"
"Tartu Linnavolikogu 04.12.2014 otsus nr  155 \"Linnavolikogu revisjonikomisjoni koosseisu muutmine\"";"http://info.raad.tartu.ee/webaktid.nsf/web/viited/VOLO2014120400155"
"Tartu Linnavolikogu 04.12.2014 otsus nr  154 \"Loa andmine riigihanke \"Hipodroomi tänava projekteerimine Salutähe tänava ja Talutare tänava lõigus\" korraldamiseks\"";"http://info.raad.tartu.ee/webaktid.nsf/web/viited/VOLO2014120400154"
"Tartu Linnavolikogu 04.12.2014 otsus nr  153 \"Linnaliste piirkondade arendamise meetme raames esitatud projektide garanteerimine\"";"http://info.raad.tartu.ee/webaktid.nsf/web/viited/VOLO2014120400153"
"Tartu Linnavolikogu 04.12.2014 otsus nr  152 \"Turu tn 2, Soola tn 8, Soola tn 4 ja Soola tn 4a kruntide ning lähiala detailplaneeringu kehtestamine\"";"http://info.raad.tartu.ee/webaktid.nsf/web/viited/VOLO2014120400152"
"Tartu Linnavolikogu 04.12.2014 otsus nr  151 \"Eha tn 8 krundi detailplaneeringu vastuvõtmine ja avalikule väljapanekule suunamine\"";"http://info.raad.tartu.ee/webaktid.nsf/web/viited/VOLO2014120400151"
"Tartu Linnavolikogu 04.12.2014 otsus nr  150 \"Tulika tn 1, N. Lunini tn 12, N. Lunini tn 14, N. Lunini tn 16 ja lähiala detailplaneeringu kehtestamine\"";"http://info.raad.tartu.ee/webaktid.nsf/web/viited/VOLO2014120400150"
"Tartu Linnavolikogu 04.12.2014 otsus nr  149 \"Ilmatsalu tn 11 krundi detailplaneeringu algatamine lähteseisukohtade kinnitamine ja keskkonnamõju strateegilise hindamise algatamata jätmine\"";"http://info.raad.tartu.ee/webaktid.nsf/web/viited/VOLO2014120400149"
"Tartu Linnavolikogu 13.11.2014 otsus nr  148 \"Loa andmine riigihanke \"Tartus Akadeemia 2 Kesklinna Lastekeskuse juurdeehituse projekteerimine\" korraldamiseks\"";"http://info.raad.tartu.ee/webaktid.nsf/web/viited/VOLO2014111300148"
"Tartu Linnavolikogu 13.11.2014 otsus nr  147 \"Loa andmine riigihanke \"Hügieenipaberi hankimine Tartu Kutsehariduskeskusele aastateks 2015-2016\" korraldamiseks\"";"http://info.raad.tartu.ee/webaktid.nsf/web/viited/VOLO2014111300147"
"Tartu Linnavolikogu 13.11.2014 otsus nr  146 \"Loa andmine riigihanke \"Professionaalsete iluteeninduse materjalide hankimine Tartu Kutsehariduskeskusele aastateks 2015-2016\" korraldamiseks\"";"http://info.raad.tartu.ee/webaktid.nsf/web/viited/VOLO2014111300146"
"Tartu Linnavolikogu 13.11.2014 otsus nr  145 \"Loa andmine Tartu Pauluse kalmistul asuva Vabadussõjas langenute ühishaua korrastamise II etapi teostamiseks vajalike riigihangete korraldamiseks\"";"http://info.raad.tartu.ee/webaktid.nsf/web/viited/VOLO2014111300145"
"Tartu Linnavolikogu 13.11.2014 otsus nr  144 \"Elva tn 25a krundi detailplaneeringu koostamise algatamine ja lähteseisukohtade kinnitamine\"";"http://info.raad.tartu.ee/webaktid.nsf/web/viited/VOLO2014111300144"
"Tartu Linnavolikogu 13.11.2014 otsus nr  143 \"Ihaste tee 12a ja Ihaste tee 16b kruntide detailplaneeringu koostamise algatamine ja lähteseisukohtade kinnitamine ning keskkonnamõju strateegilise hindamise algatamata jätmine\"";"http://info.raad.tartu.ee/webaktid.nsf/web/viited/VOLO2014111300143"
"Tartu Linnavolikogu 13.11.2014 otsus nr  142 \"K. E. von Baeri tn 4 krundi detailplaneeringu kehtestamine\"";"http://info.raad.tartu.ee/webaktid.nsf/web/viited/VOLO2014111300142"
"Tartu Linnavolikogu 13.11.2014 otsus nr  141 \"Kalevi tn 52 krundi detailplaneeringu vastuvõtmine ja avalikule väljapanekule suunamine\"";"http://info.raad.tartu.ee/webaktid.nsf/web/viited/VOLO2014111300141"
"Tartu Linnavolikogu 13.11.2014 otsus nr  140 \"Sihtasutuse Tartu Teaduspark detailplaneeringu osaline kehtetuks tunnistamine\"";"http://info.raad.tartu.ee/webaktid.nsf/web/viited/VOLO2014111300140"
"Tartu Linnavolikogu 13.11.2014 otsus nr  139 \"Kroonuaia tn 38//40 krundi detailplaneeringu koostamise algatamine ja lähteseisukohtade kinnitamine\"";"http://info.raad.tartu.ee/webaktid.nsf/web/viited/VOLO2014111300139"
"Tartu Linnavolikogu 16.10.2014 otsus nr  138 \"Linnavolikogu linnamajanduskomisjoni koosseisu muutmine\"";"http://info.raad.tartu.ee/webaktid.nsf/web/viited/VOLO2014101600138"
"Tartu Linnavolikogu 16.10.2014 otsus nr  137 \"Linnavolikogu kaasava linnajuhtimise ajutise komisjoni koosseisu muutmine\"";"http://info.raad.tartu.ee/webaktid.nsf/web/viited/VOLO2014101600137"
"Tartu Linnavolikogu 16.10.2014 otsus nr  136 \"Linnavolikogu arengu- ja planeerimiskomisjoni koosseisu muutmine\"";"http://info.raad.tartu.ee/webaktid.nsf/web/viited/VOLO2014101600136"
"Tartu Linnavolikogu 16.10.2014 otsus nr  135 \"Loa andmine Tartu linna haldushoonete koristusteenuse riigihanke korraldamiseks\"";"http://info.raad.tartu.ee/webaktid.nsf/web/viited/VOLO2014101600135"
"Tartu Linnavolikogu 16.10.2014 otsus nr  134 \"Loa andmine projekti \"Tartu linnas asuvate Nõukogude Liidu aegsete sõjaväelennujaama hoonete lammutamine, 3. etapp\" käigus tehtavate lammutustööde riigihanke korraldamiseks\"";"http://info.raad.tartu.ee/webaktid.nsf/web/viited/VOLO2014101600134"
"Tartu Linnavolikogu 16.10.2014 otsus nr  133 \"Loa andmine riigihanke \"Tartus Akadeemia 2 Kesklinna Lastekeskuse rekonstrueerimine\" tulemusel hankelepingu sõlmimiseks\"";"http://info.raad.tartu.ee/webaktid.nsf/web/viited/VOLO2014101600133"
"Tartu Linnavolikogu 16.10.2014 otsus nr  132 \"Loa andmine OÜga Tartu Veekeskus ning Tervise- ja Spordiklubiga ARENA ujula kasutamise lepingute sõlmimiseks\"";"http://info.raad.tartu.ee/webaktid.nsf/web/viited/VOLO2014101600132"
"Tartu Linnavolikogu 16.10.2014 otsus nr  131 \"Loa andmine Tartu linna lastehoidudele toitlustusteenuse ostmise riigihanke korraldamiseks\"";"http://info.raad.tartu.ee/webaktid.nsf/web/viited/VOLO2014101600131"
"Tartu Linnavolikogu 16.10.2014 otsus nr  130 \"Loa andmine Tartu Hooldekodu pesupesemisteenuse riigihanke korraldamiseks\"";"http://info.raad.tartu.ee/webaktid.nsf/web/viited/VOLO2014101600130"
"Tartu Linnavolikogu 16.10.2014 otsus nr  129 \"Rebase tn 18a kinnistule hoonestusõiguse seadmine\"";"http://info.raad.tartu.ee/webaktid.nsf/web/viited/VOLO2014101600129"
"Tartu Linnavolikogu 16.10.2014 otsus nr  128 \"Pikk tn 56 krundi detailplaneeringu kehtestamine\"";"http://info.raad.tartu.ee/webaktid.nsf/web/viited/VOLO2014101600128"
"Tartu Linnavolikogu 16.10.2014 otsus nr  127 \"Staadioni 61 krundi detailplaneeringu vastuvõtmine ja korduvale avalikule väljapanekule suunamine\"";"http://info.raad.tartu.ee/webaktid.nsf/web/viited/VOLO2014101600127"
"Tartu Linnavolikogu 16.10.2014 otsus nr  126 \"Ranna pst 36 krundi detailplaneeringu vastuvõtmine ja korduvale avalikule väljapanekule suunamine\"";"http://info.raad.tartu.ee/webaktid.nsf/web/viited/VOLO2014101600126"
"Tartu Linnavolikogu 16.10.2014 otsus nr  125 \"Kitsas tn 5 krundi detailplaneeringu vastuvõtmine ja avalikule väljapanekule suunamine\"";"http://info.raad.tartu.ee/webaktid.nsf/web/viited/VOLO2014101600125"
"Tartu Linnavolikogu 16.10.2014 otsus nr  124 \"Kabeli tn 11 krundi detailplaneeringu menetluse lõpetamine ja Tartu Linnavolikogu 10.05.2012 otsuse nr 359 kehtetuks tunnistamine\"";"http://info.raad.tartu.ee/webaktid.nsf/web/viited/VOLO2014101600124"
"Tartu Linnavolikogu 18.09.2014 otsus nr  123 \"Linnavolikogu linnavarakomisjoni koosseisu muutmine\"";"http://info.raad.tartu.ee/webaktid.nsf/web/viited/VOLO2014091800123"
"Tartu Linnavolikogu 18.09.2014 otsus nr  122 \"Linnavolikogu linnamajanduskomisjoni koosseisu muutmine\"";"http://info.raad.tartu.ee/webaktid.nsf/web/viited/VOLO2014091800122"
"Tartu Linnavolikogu 18.09.2014 otsus nr  121 \"Loa andmine OÜga PROKTER sõlmitud üürilepingu muutmiseks\"";"http://info.raad.tartu.ee/webaktid.nsf/web/viited/VOLO2014091800121"
"Tartu Linnavolikogu 18.09.2014 otsus nr  120 \"Loa andmine riigihanke \"Toiduainete hankimine Tartu Kutsehariduskeskusele aastateks 2015-2018\" korraldamiseks\"";"http://info.raad.tartu.ee/webaktid.nsf/web/viited/VOLO2014091800120"
"Tartu Linnavolikogu 18.09.2014 otsus nr  119 \"Tartu Linnavolikogu 8. oktoobri 2009. a otsuse nr 582 \"Tartu Lastekunstikooli põhimäärus\" kehtetuks tunnistamine\"";"http://info.raad.tartu.ee/webaktid.nsf/web/viited/VOLO2014091800119"
"Tartu Linnavolikogu 18.09.2014 otsus nr  118 \"Linnavolikogu arengu- ja planeerimiskomisjoni aseesimehe valimine\"";"http://info.raad.tartu.ee/webaktid.nsf/web/viited/VOLO2014091800118"
"Tartu Linnavolikogu 18.09.2014 otsus nr  117 \"Parkimis- ja liiklusjärelevalve teostamine\"";"http://info.raad.tartu.ee/webaktid.nsf/web/viited/VOLO2014091800117"
"Tartu Linnavolikogu 18.09.2014 otsus nr  116 \"Loa andmine Tartu linna kalmistute prügiveo riigihanke korraldamiseks\"";"http://info.raad.tartu.ee/webaktid.nsf/web/viited/VOLO2014091800116"
"Tartu Linnavolikogu 18.09.2014 otsus nr  115 \"Tartu linna jäätmekava 2015-2020 suunamine avalikule väljapanekule\"";"http://info.raad.tartu.ee/webaktid.nsf/web/viited/VOLO2014091800115"
"Tartu Linnavolikogu 18.09.2014 otsus nr  114 \"Kalevi tn 47, Kalevi tn 51 ja Päeva tn 23 // 25 kruntide detailplaneeringu vastuvõtmine ja avalikule väljapanekule suunamine\"";"http://info.raad.tartu.ee/webaktid.nsf/web/viited/VOLO2014091800114"
"Tartu Linnavolikogu 18.09.2014 otsus nr  113 \"Rebase tn 18a krundi detailplaneeringu kehtestamine\"";"http://info.raad.tartu.ee/webaktid.nsf/web/viited/VOLO2014091800113"
"Tartu Linnavolikogu 18.09.2014 otsus nr  112 \"Detailplaneeringute osaline kehtetuks tunnistamine Sangla tänava osas\"";"http://info.raad.tartu.ee/webaktid.nsf/web/viited/VOLO2014091800112"
"Tartu Linnavolikogu 18.09.2014 otsus nr  111 \"Tartu linna üldplaneeringu teemaplaneeringu \"Vabaplaneeringuga alade parkimispõhimõtted\" kehtestamine\"";"http://info.raad.tartu.ee/webaktid.nsf/web/viited/VOLO2014091800111"
"Tartu Linnavolikogu 18.09.2014 otsus nr  110 \"Teemaplaneeringu \"Supilinna linnaosa miljööväärtusega hoonestusala kaitse- ja kasutamistingimuste ning linnaosa maa- ja veealade üldiste kasutamis- ja ehitustingimuste täpsustamine ning täiendamine\" kehtestamine\"";"http://info.raad.tartu.ee/webaktid.nsf/web/viited/VOLO2014091800110"
"Tartu Linnavolikogu 26.06.2014 otsus nr  109 \"Tiigi tn 61a krundi detailplaneeringu kehtestamine\"";"http://info.raad.tartu.ee/webaktid.nsf/web/viited/VOLO2014062600109"
"Tartu Linnavolikogu 26.06.2014 otsus nr  108 \"Turu tn 18 krundi osa detailplaneeringu koostamise algatamine ja lähteseisukohtade kinnitamine ning keskkonnamõju strateegilise hindamise algatamata jätmine\"";"http://info.raad.tartu.ee/webaktid.nsf/web/viited/VOLO2014062600108"
"Tartu Linnavolikogu 26.06.2014 otsus nr  107 \"Nõmme tn 17a ja Nõmme tn 17b kruntide detailplaneeringu koostamise algatamine ja lähteseisukohtade kinnitamine\"";"http://info.raad.tartu.ee/webaktid.nsf/web/viited/VOLO2014062600107"
"Tartu Linnavolikogu 26.06.2014 otsus nr  106 \"K. E. von Baeri tn 4 krundi detailplaneeringu vastuvõtmine ja avalikule väljapanekule suunamine\"";"http://info.raad.tartu.ee/webaktid.nsf/web/viited/VOLO2014062600106"
"Tartu Linnavolikogu 26.06.2014 otsus nr  105 \"Rebase tn 18a krundi detailplaneeringu vastuvõtmine ja avalikule väljapanekule suunamine\"";"http://info.raad.tartu.ee/webaktid.nsf/web/viited/VOLO2014062600105"
"Tartu Linnavolikogu 26.06.2014 otsus nr  104 \"Fr. R. Kreutzwaldi tn 1b krundi detailplaneeringu vastuvõtmine ja avalikule väljapanekule suunamine\"";"http://info.raad.tartu.ee/webaktid.nsf/web/viited/VOLO2014062600104"
"Tartu Linnavolikogu 26.06.2014 otsus nr  103 \"Ränilinna linnaosa üldplaneeringu kehtestamine\"";"http://info.raad.tartu.ee/webaktid.nsf/web/viited/VOLO2014062600103"
"Tartu Linnavolikogu 26.06.2014 otsus nr  102 \"Maa-alade Turu tn 20, Turu tn 20a, Siili tn 14a, Ilmatsalu tn 18c/3 ja Kopli tn 1b munitsipaalomandisse taotlemine\"";"http://info.raad.tartu.ee/webaktid.nsf/web/viited/VOLO2014062600102"
"Tartu Linnavolikogu 26.06.2014 otsus nr  101 \"Loa andmine riigihanke „Kohustuslik ujumisõpetus Tartu linna 2. klassi õpilastele” korraldamiseks”\"";"http://info.raad.tartu.ee/webaktid.nsf/web/viited/VOLO2014062600101"
"Tartu Linnavolikogu 19.06.2014 otsus nr  100 \"Loa andmine Tartu Linnavalitsuse sotsiaalabi osakonna Annelinna piirkonnakeskuse ehitustööde tellimise ja sisustuse ostu riigihangete korraldamiseks\"";"http://info.raad.tartu.ee/webaktid.nsf/web/viited/VOLO2014061900100"
"Tartu Linnavolikogu 26.06.2014 otsus nr   99 \"Loa andmine Robin Kinnisvara OÜga ning Wesico Infra OÜga äriruumi üürilepingu sõlmimiseks\"";"http://info.raad.tartu.ee/webaktid.nsf/web/viited/VOLO2014062600099"
"Tartu Linnavolikogu 26.06.2014 otsus nr   98 \"Loa andmine arvutite rentimiseks\"";"http://info.raad.tartu.ee/webaktid.nsf/web/viited/VOLO2014062600098"
"Tartu Linnavolikogu 26.06.2014 otsus nr   97 \"Loa andmine nõustamisteenuse riigihanke korraldamiseks\"";"http://info.raad.tartu.ee/webaktid.nsf/web/viited/VOLO2014062600097"
"Tartu Linnavolikogu 26.06.2014 otsus nr   96 \"Tartu Linnavolikogu otsuste kehtetuks tunnistamine koolide põhimääruste kohta\"";"http://info.raad.tartu.ee/webaktid.nsf/web/viited/VOLO2014062600096"
"Tartu Linnavolikogu 26.06.2014 otsus nr   95 \"Tartu linna arengukava muutmisettepanekute ja eelarvestrateegia projekti heakskiitmine ja avalikule väljapanekule suunamine\"";"http://info.raad.tartu.ee/webaktid.nsf/web/viited/VOLO2014062600095"
"Tartu Linnavolikogu 12.06.2014 otsus nr   94 \"Linnavolikogu linnamajanduskomisjoni koosseisu muutmine\"";"http://info.raad.tartu.ee/webaktid.nsf/web/viited/VOLO2014061200094"
"Tartu Linnavolikogu 12.06.2014 otsus nr   93 \"Loa andmine puuetega laste sotsiaaltranspordi teenuse riigihanke korraldamiseks\"";"http://info.raad.tartu.ee/webaktid.nsf/web/viited/VOLO2014061200093"
"Tartu Linnavolikogu 12.06.2014 otsus nr   92 \"Loa andmine laste nõustamisteenuse riigihanke korraldamiseks\"";"http://info.raad.tartu.ee/webaktid.nsf/web/viited/VOLO2014061200092"
"Tartu Linnavolikogu 12.06.2014 otsus nr   91 \"Loa andmine viipekeele tõlketeenuse riigihanke korraldamiseks\"";"http://info.raad.tartu.ee/webaktid.nsf/web/viited/VOLO2014061200091"
"Tartu Linnavolikogu 12.06.2014 otsus nr   90 \"Loa andmine isikliku abistaja teenuse riigihanke korraldamiseks\"";"http://info.raad.tartu.ee/webaktid.nsf/web/viited/VOLO2014061200090"
"Tartu Linnavolikogu 12.06.2014 otsus nr   89 \"Loa andmine eakate ja puuetega isikute päevakeskuse teenuse riigihanke korraldamiseks\"";"http://info.raad.tartu.ee/webaktid.nsf/web/viited/VOLO2014061200089"
"Tartu Linnavolikogu 12.06.2014 otsus nr   88 \"Loa andmine Capital Atlantic OÜga ning Rünno ja Aira Lõhmusega äriruumi üürilepingu sõlmimiseks\"";"http://info.raad.tartu.ee/webaktid.nsf/web/viited/VOLO2014061200088"
"Tartu Linnavolikogu 12.06.2014 otsus nr   87 \"Tartu linna 2013. a majandusaasta aruanne\"";"http://info.raad.tartu.ee/webaktid.nsf/web/viited/VOLO2014061200087"
"Tartu Linnavolikogu 12.06.2014 otsus nr   86 \"Herne tn 45a ja Marja tn 26 kruntide detailplaneeringu algatamine ja lähteseisukohtade kinnitamine\"";"http://info.raad.tartu.ee/webaktid.nsf/web/viited/VOLO2014061200086"
"Tartu Linnavolikogu 12.06.2014 otsus nr   85 \"Saekoja 5 ja Nõva 14 kruntide detailplaneeringu kehtetuks tunnistamine\"";"http://info.raad.tartu.ee/webaktid.nsf/web/viited/VOLO2014061200085"
"Tartu Linnavolikogu 12.06.2014 otsus nr   84 \"Mäe 28 detailplaneeringu osaline kehtetuks tunnistamine\"";"http://info.raad.tartu.ee/webaktid.nsf/web/viited/VOLO2014061200084"
"Tartu Linnavolikogu 12.06.2014 otsus nr   83 \"Tartu linna üldplaneeringu ülevaatamise tulemused\"";"http://info.raad.tartu.ee/webaktid.nsf/web/viited/VOLO2014061200083"
"Tartu Linnavolikogu 22.05.2014 otsus nr   82 \"Noortekeskuse teenuse osutamine halduslepingu alusel\"";"http://info.raad.tartu.ee/webaktid.nsf/web/viited/VOLO2014052200082"
"Tartu Linnavolikogu 22.05.2014 otsus nr   81 \"Loa andmine korporatsiooniga Fraternitas Liviensis üürilepingu sõlmimiseks\"";"http://info.raad.tartu.ee/webaktid.nsf/web/viited/VOLO2014052200081"
"Tartu Linnavolikogu 22.05.2014 otsus nr   80 \"Loa andmine riigihanke \"Elektrienergia ostmine Tartu linnale 01.01.2015 kuni 31.12.2015\" korraldamiseks\"";"http://info.raad.tartu.ee/webaktid.nsf/web/viited/VOLO2014052200080"
"Tartu Linnavolikogu 22.05.2014 otsus nr   79 \"Pikk tn 56 krundi detailplaneeringu vastuvõtmine ja avalikule väljapanekule suunamine\"";"http://info.raad.tartu.ee/webaktid.nsf/web/viited/VOLO2014052200079"
"Tartu Linnavolikogu 22.05.2014 otsus nr   78 \"Filosoofi tn 9 krundi detailplaneeringu algatamine ja lähteseisukohtade kinnitamine\"";"http://info.raad.tartu.ee/webaktid.nsf/web/viited/VOLO2014052200078"
"Tartu Linnavolikogu 22.05.2014 otsus nr   77 \"Aardla tn 23e // 23h krundi detailplaneeringu koostamise algatamine ja lähteseisukohtade kinnitamine ning keskkonnamõju strateegilise hindamise algatamata jätmine\"";"http://info.raad.tartu.ee/webaktid.nsf/web/viited/VOLO2014052200077"
"Tartu Linnavolikogu 24.04.2014 otsus nr   76 \"Linnavolikogu rahanduskomisjoni koosseisu muutmine\"";"http://info.raad.tartu.ee/webaktid.nsf/web/viited/VOLO2014042400076"
"Tartu Linnavolikogu 24.04.2014 otsus nr   75 \"Linnavolikogu kaasava linnajuhtimise ajutise komisjoni koosseisu muutmine\"";"http://info.raad.tartu.ee/webaktid.nsf/web/viited/VOLO2014042400075"
"Tartu Linnavolikogu 24.04.2014 otsus nr   74 \"Linnavolikogu linnamajanduskomisjoni koosseisu muutmine\"";"http://info.raad.tartu.ee/webaktid.nsf/web/viited/VOLO2014042400074"
"Tartu Linnavolikogu 24.04.2014 otsus nr   73 \"Tartu Linnavolikogu 23. jaanuari 2014. a otsuse nr 41 „Tartu Lasteaia Päkapikk ja Tartu Lastesõime Mesipuu ümberkorraldamine” muutmine\"";"http://info.raad.tartu.ee/webaktid.nsf/web/viited/VOLO2014042400073"
"Tartu Linnavolikogu 24.04.2014 otsus nr   72 \"Euroopa Parlamendi valimisteks jaoskonnakomisjonide moodustamine\"";"http://info.raad.tartu.ee/webaktid.nsf/web/viited/VOLO2014042400072"
"Tartu Linnavolikogu 24.04.2014 otsus nr   71 \"Loa andmine Kesk kaare tänava rekonstrueerimise riigihanke korraldamiseks\"";"http://info.raad.tartu.ee/webaktid.nsf/web/viited/VOLO2014042400071"
"Tartu Linnavolikogu 24.04.2014 otsus nr   70 \"Loa andmine Tartu linna liikluskorraldusvahendite operatiivsete paigaldustööde riigihanke korraldamiseks\"";"http://info.raad.tartu.ee/webaktid.nsf/web/viited/VOLO2014042400070"
"Tartu Linnavolikogu 24.04.2014 otsus nr   69 \"Halduslepingu sõlmimine Muinsuskaitseametiga riiklike muinsuskaitsealaste kohustuste täitmise kohta Tartu linnas\"";"http://info.raad.tartu.ee/webaktid.nsf/web/viited/VOLO2014042400069"
"Tartu Linnavolikogu 24.04.2014 otsus nr   68 \"Kalevi tn 25 // 25a krundi detailplaneeringu koostamise algatamine ja lähteseisukohtade kinnitamine\"";"http://info.raad.tartu.ee/webaktid.nsf/web/viited/VOLO2014042400068"
"Tartu Linnavolikogu 08.04.2014 otsus nr   67 \"Tartu Linnavalitsuse kinnitamine\"";"http://info.raad.tartu.ee/webaktid.nsf/web/viited/VOLO2014040800067"
"Tartu Linnavolikogu 08.04.2014 otsus nr   66 \"Tartu linnapea valimine\"";"http://info.raad.tartu.ee/webaktid.nsf/web/viited/VOLO2014040800066"
"Tartu Linnavolikogu 20.03.2014 otsus nr   65 \"Linnavolikogu linnavarakomisjoni koosseisu muutmine\"";"http://info.raad.tartu.ee/webaktid.nsf/web/viited/VOLO2014032000065"
"Tartu Linnavolikogu 20.03.2014 otsus nr   64 \"Linnavolikogu kultuurikomisjoni koosseisu muutmine\"";"http://info.raad.tartu.ee/webaktid.nsf/web/viited/VOLO2014032000064"
"Tartu Linnavolikogu 20.03.2014 otsus nr   63 \"Loa andmine õppeasutuste õppekeskkonna arendamise projektis osalemiseks\"";"http://info.raad.tartu.ee/webaktid.nsf/web/viited/VOLO2014032000063"
"Tartu Linnavolikogu 20.03.2014 otsus nr   62 \"Tasuta sõidu õiguse andmine avalikel üritustel osalejatele\"";"http://info.raad.tartu.ee/webaktid.nsf/web/viited/VOLO2014032000062"
"Tartu Linnavolikogu 20.03.2014 otsus nr   61 \"Loa andmine riigihanke \"Võidu silla remont koos projekteerimisega\" korraldamiseks\"";"http://info.raad.tartu.ee/webaktid.nsf/web/viited/VOLO2014032000061"
"Tartu Linnavolikogu 20.03.2014 otsus nr   60 \"Loa andmine riigihanke \"Anne kanali avaliku WC ost ja paigaldus\" korraldamiseks\"";"http://info.raad.tartu.ee/webaktid.nsf/web/viited/VOLO2014032000060"
"Tartu Linnavolikogu 20.03.2014 otsus nr   59 \"Tartu linna jäätmekava aastateks 2015-2020 koostamise algatamine\"";"http://info.raad.tartu.ee/webaktid.nsf/web/viited/VOLO2014032000059"
"Tartu Linnavolikogu 20.03.2014 otsus nr   58 \"Tartu linna üldplaneeringu teemaplaneeringu \"Vabaplaneeringuga alade parkimispõhimõtted\" vastuvõtmine ning teemaplaneeringu ja keskkonnamõju strateegilise hindamise aruande avalikule väljapanekule suunamine\"";"http://info.raad.tartu.ee/webaktid.nsf/web/viited/VOLO2014032000058"
"Tartu Linnavolikogu 20.03.2014 otsus nr   57 \"Pargi tn 11 krundi detailplaneeringu koostamise algatamine ja lähteseisukohtade kinnitamine\"";"http://info.raad.tartu.ee/webaktid.nsf/web/viited/VOLO2014032000057"
"Tartu Linnavolikogu 20.03.2014 otsus nr   56 \"Tiigi tn 61a krundi detailplaneeringu vastuvõtmine ja avalikule väljapanekule suunamine\"";"http://info.raad.tartu.ee/webaktid.nsf/web/viited/VOLO2014032000056"
"Tartu Linnavolikogu 20.03.2014 otsus nr   55 \"Tulika tn 1, N. Lunini tn 12, N. Lunini tn 14, N. Lunini tn 16 ja lähiala detailplaneeringu vastuvõtmine ja avalikule väljapanekule suunamine\"";"http://info.raad.tartu.ee/webaktid.nsf/web/viited/VOLO2014032000055"
"Tartu Linnavolikogu 20.02.2014 otsus nr   54 \"Tartu linna liitumine CO2 heitkoguste vähendamist taotleva Euroopa Komisjoni algatusega “Linnapeade pakt”\"";"http://info.raad.tartu.ee/webaktid.nsf/web/viited/VOLO2014022000054"
"Tartu Linnavolikogu 20.02.2014 otsus nr   53 \"Osaluse lõpetamine Polli Prügila OÜs\"";"http://info.raad.tartu.ee/webaktid.nsf/web/viited/VOLO2014022000053"
"Tartu Linnavolikogu 20.02.2014 otsus nr   52 \"Loa andmine kõrvaltänavate ja jalgrattateede talihoolduse riigihanke korraldamiseks\"";"http://info.raad.tartu.ee/webaktid.nsf/web/viited/VOLO2014022000052"
"Tartu Linnavolikogu 20.02.2014 otsus nr   51 \"Loa andmine Roosi tänava ja Muuseumi tee rekonstrueerimise ning omanikujärelevalve tegemise riigihangete korraldamiseks\"";"http://info.raad.tartu.ee/webaktid.nsf/web/viited/VOLO2014022000051"
"Tartu Linnavolikogu 20.02.2014 otsus nr   50 \"Tartu Linnavolikogu 20. detsembri 2012. a otsuse nr 438 „Tartu Kutsehariduskeskuse põhimäärus” kehtetuks tunnistamine\"";"http://info.raad.tartu.ee/webaktid.nsf/web/viited/VOLO2014022000050"
"Tartu Linnavolikogu 20.02.2014 otsus nr   49 \"Tartu Linnavalitsuse teenistuskohtade koosseisu muutmine\"";"http://info.raad.tartu.ee/webaktid.nsf/web/viited/VOLO2014022000049"
"Tartu Linnavolikogu 20.02.2014 otsus nr   48 \"Loa andmine ideekonkursi korraldamiseks kuuerühmalise lasteaia arhitektuurse lahenduse leidmiseks\"";"http://info.raad.tartu.ee/webaktid.nsf/web/viited/VOLO2014022000048"
"Tartu Linnavolikogu 20.02.2014 otsus nr   47 \"Turu tn 2, Soola tn 8, Soola tn 4 ja Soola tn 4a kruntide ning lähiala detailplaneeringu vastuvõtmine ja avalikule väljapanekule suunamine\"";"http://info.raad.tartu.ee/webaktid.nsf/web/viited/VOLO2014022000047"
"Tartu Linnavolikogu 20.02.2014 otsus nr   46 \"Kaunase pst 68b ja Annemõisa tn 1a kruntide detailplaneeringu koostamise algatamine ja lähteseisukohtade kinnitamine\"";"http://info.raad.tartu.ee/webaktid.nsf/web/viited/VOLO2014022000046"
"Tartu Linnavolikogu 20.02.2014 otsus nr   45 \"Tiigi tn 78 // 80 ja Kastani tn 43 kruntide detailplaneeringu koostamise algatamine ja lähteseisukohtade kinnitamine\"";"http://info.raad.tartu.ee/webaktid.nsf/web/viited/VOLO2014022000045"
"Tartu Linnavolikogu 20.02.2014 otsus nr   44 \"Rebase tn 18a krundi detailplaneeringu koostamise algatamine ja lähteseisukohtade kinnitamine\"";"http://info.raad.tartu.ee/webaktid.nsf/web/viited/VOLO2014022000044"
"Tartu Linnavolikogu 20.02.2014 otsus nr   43 \"Tuule tn 2b krundi detailplaneeringu koostamise algatamine ja lähteseisukohtade kinnitamine\"";"http://info.raad.tartu.ee/webaktid.nsf/web/viited/VOLO2014022000043"
"Tartu Linnavolikogu 20.02.2014 otsus nr   42 \"Aukodaniku nimetuse ja Tartu Tähe andmine\"";"http://info.raad.tartu.ee/webaktid.nsf/web/viited/VOLO2014022000042"
"Tartu Linnavolikogu 23.01.2014 otsus nr   41 \"Tartu Lasteaia Päkapikk ja Tartu Lastesõime Mesipuu ümberkorraldamine\"";"http://info.raad.tartu.ee/webaktid.nsf/web/viited/VOLO2014012300041"
"Tartu Linnavolikogu 23.01.2014 otsus nr   40 \"Loa andmine ICO Park OÜga äriruumi üürilepingu sõlmimiseks\"";"http://info.raad.tartu.ee/webaktid.nsf/web/viited/VOLO2014012300040"
"Tartu Linnavolikogu 23.01.2014 otsus nr   39 \"Tartu Linnavolikogu kaasava linnajuhtimise ajutise komisjoni aseesimehe valimine\"";"http://info.raad.tartu.ee/webaktid.nsf/web/viited/VOLO2014012300039"
"Tartu Linnavolikogu 23.01.2014 otsus nr   38 \"Tartu Linnavolikogu kaasava linnajuhtimise ajutise komisjoni koosseisu kinnitamine\"";"http://info.raad.tartu.ee/webaktid.nsf/web/viited/VOLO2014012300038"
"Tartu Linnavolikogu 23.01.2014 otsus nr   37 \"Loa andmine Tartu linna Emajõe äärsetes ujulates ja Anne kanali supelrannas rannavalve ja heakorrateenuste riigihanke korraldamiseks\"";"http://info.raad.tartu.ee/webaktid.nsf/web/viited/VOLO2014012300037"
"Tartu Linnavolikogu 23.01.2014 otsus nr   36 \"Loa andmine jäätmejaama haldamisega seotud riigihanke korraldamiseks\"";"http://info.raad.tartu.ee/webaktid.nsf/web/viited/VOLO2014012300036"
"Tartu Linnavolikogu 23.01.2014 otsus nr   35 \"Loa andmine Tartu linna bussipeatuste paviljonide ja pinkide hooldamise riigihanke korraldamiseks\"";"http://info.raad.tartu.ee/webaktid.nsf/web/viited/VOLO2014012300035"
"Tartu Linnavolikogu 23.01.2014 otsus nr   34 \"Loa andmine prügiurnide tühjendamise ja hoolduse riigihanke korraldamiseks\"";"http://info.raad.tartu.ee/webaktid.nsf/web/viited/VOLO2014012300034"
"Tartu Linnavolikogu 23.01.2014 otsus nr   33 \"Loa andmine gaasil töötavate sõidukite liisimise riigihanke korraldamiseks\"";"http://info.raad.tartu.ee/webaktid.nsf/web/viited/VOLO2014012300033"
"Tartu Linnavolikogu 23.01.2014 otsus nr   32 \"Loa andmine Tartu linna tänavavalgustuse hooldustööde riigihanke korraldamiseks\"";"http://info.raad.tartu.ee/webaktid.nsf/web/viited/VOLO2014012300032"
"Tartu Linnavolikogu 23.01.2014 otsus nr   31 \"Tartu Linnavolikogu kaasava linnajuhtimise ajutise komisjoni moodustamine ja komisjoni esimehe valimine\"";"http://info.raad.tartu.ee/webaktid.nsf/web/viited/VOLO2014012300031"
"Tartu Linnavolikogu 23.01.2014 otsus nr   30 \"Narva mnt 104 krundi detailplaneeringu koostamise algatamine ja lähteseisukohtade kinnitamine\"";"http://info.raad.tartu.ee/webaktid.nsf/web/viited/VOLO2014012300030"
"Tartu Linnavolikogu 23.01.2014 otsus nr   29 \"Kvissentali tee 17 ja 19 kruntide ning lähiala detailplaneeringu osaline kehtetuks tunnistamine\"";"http://info.raad.tartu.ee/webaktid.nsf/web/viited/VOLO2014012300029"
"Tartu Linnavolikogu 19.12.2013 otsus nr   28 \"Loa andmine riigihanke „Loodusainetes aktiivõppe programmide pakkuja leidmine Tartu üldhariduskoolide õpilastele perioodil 01.01.2014 - 31.08.2015” korraldamiseks\"";"http://info.raad.tartu.ee/webaktid.nsf/web/viited/VOLO2013121900028"
"Tartu Linnavolikogu 19.12.2013 otsus nr   27 \"Loa andmine siseliuvälja kasutamiseks lepingu sõlmimiseks\"";"http://info.raad.tartu.ee/webaktid.nsf/web/viited/VOLO2013121900027"
"Tartu Linnavolikogu 19.12.2013 otsus nr   26 \"Loa andmine OÜga PROKTER äriruumi üürilepingu sõlmimiseks\"";"http://info.raad.tartu.ee/webaktid.nsf/web/viited/VOLO2013121900026"
"Tartu Linnavolikogu 19.12.2013 otsus nr   25 \"Loa andmine hõbelusikate ostmiseks riigihanke korraldamiseks\"";"http://info.raad.tartu.ee/webaktid.nsf/web/viited/VOLO2013121900025"
"Tartu Linnavolikogu 05.12.2013 otsus nr   24 \"Tartu Linnavolikogu linnavarakomisjoni koosseisu muutmine\"";"http://info.raad.tartu.ee/webaktid.nsf/web/viited/VOLO2013120500024"
"Tartu Linnavolikogu 05.12.2013 otsus nr   23 \"Tartu Linnavolikogu esimehe ja aseesimehe tasu ning hüvituste määramine\"";"http://info.raad.tartu.ee/webaktid.nsf/web/viited/VOLO2013120500023"
"Tartu Linnavolikogu 05.12.2013 otsus nr   22 \"Linnavolikogu alatiste komisjonide aseesimeeste valimine\"";"http://info.raad.tartu.ee/webaktid.nsf/web/viited/VOLO2013120500022"
"Tartu Linnavolikogu 05.12.2013 otsus nr   21 \"Tartu Linnavolikogu ajutise põhimääruskomisjoni aseesimehe valimine\"";"http://info.raad.tartu.ee/webaktid.nsf/web/viited/VOLO2013120500021"
"Tartu Linnavolikogu 05.12.2013 otsus nr   20 \"Tartu Linnavolikogu ajutise põhimääruskomisjoni koosseisu kinnitamine\"";"http://info.raad.tartu.ee/webaktid.nsf/web/viited/VOLO2013120500020"
"Tartu Linnavolikogu 05.12.2013 otsus nr   19 \"Maa-alade Lubja tn 2e, Riia tänav T43 ja Ranna tee T13 munitsipaalomandisse taotlemine\"";"http://info.raad.tartu.ee/webaktid.nsf/web/viited/VOLO2013120500019"
"Tartu Linnavolikogu 05.12.2013 otsus nr   18 \"Loa andmine Kaunase pst 58a mängu- ja spordiväljaku projekteerimise riigihanke korraldamiseks\"";"http://info.raad.tartu.ee/webaktid.nsf/web/viited/VOLO2013120500018"
"Tartu Linnavolikogu 05.12.2013 otsus nr   17 \"Loa andmine autokütuse ostmiseks riigihanke korraldamiseks\"";"http://info.raad.tartu.ee/webaktid.nsf/web/viited/VOLO2013120500017"
"Tartu Linnavolikogu 05.12.2013 otsus nr   16 \"Loa andmine riigihanke „Tartu Kutsehariduskeskuse vastuvõtukampaania ideekonkurss” korraldamiseks\"";"http://info.raad.tartu.ee/webaktid.nsf/web/viited/VOLO2013120500016"
"Tartu Linnavolikogu 05.12.2013 otsus nr   15 \"Tartu Linnavolikogu ajutise põhimääruskomisjoni moodustamine ja komisjoni esimehe valimine\"";"http://info.raad.tartu.ee/webaktid.nsf/web/viited/VOLO2013120500015"
"Tartu Linnavolikogu 05.12.2013 otsus nr   14 \"Loa andmine Tartu Ülikooliga äriruumi üürilepingu sõlmimiseks\"";"http://info.raad.tartu.ee/webaktid.nsf/web/viited/VOLO2013120500014"
"Tartu Linnavolikogu 05.12.2013 otsus nr   13 \"Esindajate nimetamine Eesti Linnade Liidu üldkoosolekule ja volikogusse\"";"http://info.raad.tartu.ee/webaktid.nsf/web/viited/VOLO2013120500013"
"Tartu Linnavolikogu 05.12.2013 otsus nr   12 \"Esindajate nimetamine Tartumaa Omavalitsuste Liidu Omavalitsuste Päevale\"";"http://info.raad.tartu.ee/webaktid.nsf/web/viited/VOLO2013120500012"
"Tartu Linnavolikogu 05.12.2013 otsus nr   11 \"Veski tn 57//59 krundi detailplaneeringu koostamise algatamine ja lähteseisukohtade kinnitamine\"";"http://info.raad.tartu.ee/webaktid.nsf/web/viited/VOLO2013120500011"
"Tartu Linnavolikogu 05.12.2013 otsus nr   10 \"Eha tn 8 krundi detailplaneeringu koostamise algatamine ja lähteseisukohtade kinnitamine\"";"http://info.raad.tartu.ee/webaktid.nsf/web/viited/VOLO2013120500010"
"Tartu Linnavolikogu 12.11.2013 otsus nr    9 \"Tartu Linnavolikogu alatiste komisjonide koosseisude kinnitamine\"";"http://info.raad.tartu.ee/webaktid.nsf/web/viited/VOLO2013111200009"
"Tartu Linnavolikogu 12.11.2013 otsus nr    8 \"Revisjonikomisjoni liikmete valimine\"";"http://info.raad.tartu.ee/webaktid.nsf/web/viited/VOLO2013111200008"
"Tartu Linnavolikogu 12.11.2013 otsus nr    7 \"Tartu Linnavolikogu alatiste komisjonide esimeeste valimine\"";"http://info.raad.tartu.ee/webaktid.nsf/web/viited/VOLO2013111200007"
"Tartu Linnavolikogu 12.11.2013 otsus nr    6 \"Tartu Linnavolikogu alatiste komisjonide moodustamine\"";"http://info.raad.tartu.ee/webaktid.nsf/web/viited/VOLO2013111200006"
"Tartu Linnavolikogu 12.11.2013 otsus nr    5 \"Tartu Linnavalitsuse kinnitamine\"";"http://info.raad.tartu.ee/webaktid.nsf/web/viited/VOLO2013111200005"
"Tartu Linnavolikogu 12.11.2013 otsus nr    4 \"Tartu Linnavalitsuse liikmete arvu ja struktuuri kinnitamine\"";"http://info.raad.tartu.ee/webaktid.nsf/web/viited/VOLO2013111200004"
"Tartu Linnavolikogu 12.11.2013 otsus nr    3 \"Tartu linnapea valimine\"";"http://info.raad.tartu.ee/webaktid.nsf/web/viited/VOLO2013111200003"
"Tartu Linnavolikogu 31.10.2013 otsus nr    2 \"Tartu Linnavolikogu aseesimehe valimine\"";"http://info.raad.tartu.ee/webaktid.nsf/web/viited/VOLO2013103100002"
"Tartu Linnavolikogu 31.10.2013 otsus nr    1 \"Tartu Linnavolikogu esimehe valimine\"";"http://info.raad.tartu.ee/webaktid.nsf/web/viited/VOLO2013103100001"
